filepath,label,ocr_text,expiry_date,cleaned_expiry,parsed_expiry,is_expired,is_near_expiry
images\BEANS\BEANS0056.png,BEANS,i p d d m t t t r r r t r,,,,False,False
images\BEANS\BEANS0089.png,BEANS,i p d d m t t t r r r t r,,,,False,False
images\BEANS\BEANS0004.png,BEANS,i p d d m t t t r r r t r,,,,False,False
images\BEANS\BEANS0045.png,BEANS,i p d d m t t t r r r t r,,,,False,False
images\BEANS\BEANS0026.png,BEANS,i p d d m t t t r r r t r,,,,False,False
images\BEANS\BEANS0116.png,BEANS,i p d d m t t t r r r t r,,,,False,False
images\BEANS\BEANS0069.png,BEANS,i p d d m t t t r r r t r,,,,False,False
images\BEANS\BEANS0010.png,BEANS,i p d d m t t t r r r t r,,,,False,False
images\BEANS\BEANS0090.png,BEANS,i p d d m t t t r r r t r,,,,False,False
images\BEANS\BEANS0073.png,BEANS,i p d d m t t t r r r t r,,,,False,False
images\BEANS\BEANS0018.png,BEANS,i p d d m t t t r r r t r,,,,False,False
images\BEANS\BEANS0111.png,BEANS,i p d d m t t t r r r t r,,,,False,False
images\BEANS\BEANS0011.png,BEANS,i p d d m t t t r r r t r,,,,False,False
images\BEANS\BEANS0096.png,BEANS,i p d d m t t t r r r t r,,,,False,False
images\BEANS\BEANS0042.png,BEANS,i p d d m t t t r r r r,,,,False,False
images\BEANS\BEANS0031.png,BEANS,i p d d m t t t r r r t r,,,,False,False
images\BEANS\BEANS0088.png,BEANS,i p d d m t t t r r r t r,,,,False,False
images\BEANS\BEANS0000.png,BEANS,i p d d m t t t r r r t r,,,,False,False
images\BEANS\BEANS0097.png,BEANS,i p d d m t t t r r r t r,,,,False,False
images\BEANS\BEANS0109.png,BEANS,i p d d m t t t r r r r,,,,False,False
images\BEANS\BEANS0064.png,BEANS,i p d d m t t t r r r r,,,,False,False
images\BEANS\BEANS0040.png,BEANS,i p d d m t t t r r r t r,,,,False,False
images\BEANS\BEANS0095.png,BEANS,i p d d m t t t r r r t r,,,,False,False
images\BEANS\BEANS0053.png,BEANS,i p d d m t t t r r r t r,,,,False,False
images\BEANS\BEANS0044.png,BEANS,i p d d m t t t r r r t r,,,,False,False
images\BEANS\BEANS0012.png,BEANS,i p d d m t t t r r r t r,,,,False,False
images\BEANS\BEANS0015.png,BEANS,i p d d m t t t r r r t r,,,,False,False
images\BEANS\BEANS0070.png,BEANS,i p d d m t t t r r r t r,,,,False,False
images\BEANS\BEANS0107.png,BEANS,i p d d m t t t r r r t r,,,,False,False
images\BEANS\BEANS0024.png,BEANS,i p d d m t t t r r r t r,,,,False,False
images\BEANS\BEANS0066.png,BEANS,i p d d m t t t r r r t r,,,,False,False
images\BEANS\BEANS0022.png,BEANS,i p d d m t t t r r r t r,,,,False,False
images\BEANS\BEANS0036.png,BEANS,i p d d m t t t r r r t r,,,,False,False
images\BEANS\BEANS0055.png,BEANS,i p d d m t t t r r r t r,,,,False,False
images\BEANS\BEANS0081.png,BEANS,i p d d m t t t r r r r,,,,False,False
images\BEANS\BEANS0030.png,BEANS,i p d d m t t t r r r t r,,,,False,False
images\BEANS\BEANS0062.png,BEANS,i p d d m t t t r r r t r,,,,False,False
images\BEANS\BEANS0072.png,BEANS,i p d d m t t t r r r t r,,,,False,False
images\BEANS\BEANS0009.png,BEANS,i p d d m t t t r r r t r,,,,False,False
images\BEANS\BEANS0033.png,BEANS,i p d d m t t t r r r t r,,,,False,False
images\CAKE\CAKE0030.png,CAKE,i p d d m t t t r r r t r,,,,False,False
images\CAKE\CAKE0117.png,CAKE,i p d d m t t t r r r t r,,,,False,False
images\CAKE\CAKE0079.png,CAKE,i p d d m t t t r r r t r,,,,False,False
images\CAKE\CAKE0128.png,CAKE,i p d d m t t t r r r t r,,,,False,False
images\CAKE\CAKE0003.png,CAKE,i p d d m t t t r r r t r,,,,False,False
images\CAKE\CAKE0139.png,CAKE,i p d d m t t t r r r t r,,,,False,False
images\CAKE\CAKE0007.png,CAKE,i p d d m t t t r r r t r,,,,False,False
images\CAKE\CAKE0045.png,CAKE,i p d d m t t t r r r t r,,,,False,False
images\CAKE\CAKE0160.png,CAKE,i p d d m t t t r r r t r,,,,False,False
images\CAKE\CAKE0048.png,CAKE,i p d d m t t t r r r t r,,,,False,False
images\CAKE\CAKE0110.png,CAKE,i p d d m t t t r r r t r,,,,False,False
images\CAKE\CAKE0106.png,CAKE,i p d d m t t t r r r t r,,,,False,False
images\CAKE\CAKE0020.png,CAKE,i p d d m t t t r r r t r,,,,False,False
images\CAKE\CAKE0082.png,CAKE,i p d d m t t t r r r t r,,,,False,False
images\CAKE\CAKE0080.png,CAKE,i p d d m t t t r r r t r,,,,False,False
images\CAKE\CAKE0013.png,CAKE,i p d d m t t t r r r t r,,,,False,False
images\CAKE\CAKE0072.png,CAKE,i p d d m t t t r r r t r,,,,False,False
images\CAKE\CAKE0148.png,CAKE,i p d d m t t t r r r t r,,,,False,False
images\CAKE\CAKE0104.png,CAKE,i p d d m t t t r r r t r,,,,False,False
images\CAKE\CAKE0060.png,CAKE,i p d d m t t t r r r t r,,,,False,False
images\CAKE\CAKE0059.png,CAKE,i p d d m t t t r r r t r,,,,False,False
images\CAKE\CAKE0094.png,CAKE,i p d d m t t t r r r t r,,,,False,False
images\CAKE\CAKE0046.png,CAKE,i p d d m t t t r r r t r,,,,False,False
images\CAKE\CAKE0042.png,CAKE,i p d d m t t t r r r t r,,,,False,False
images\CAKE\CAKE0039.png,CAKE,i p d d m t t t r r r t r,,,,False,False
images\CAKE\CAKE0009.png,CAKE,i p d d m t t t r r r t r,,,,False,False
images\CAKE\CAKE0022.png,CAKE,i p d d m t t t r r r t r,,,,False,False
images\CAKE\CAKE0135.png,CAKE,i p d d m t t t r r r t r,,,,False,False
images\CAKE\CAKE0109.png,CAKE,i p d d m t t t r r r t r,,,,False,False
images\CAKE\CAKE0024.png,CAKE,i p d d m t t t r r r t r,,,,False,False
images\CAKE\CAKE0113.png,CAKE,i p d d m t t t r r r t r,,,,False,False
images\CAKE\CAKE0068.png,CAKE,i p d d m t t t r r r t r,,,,False,False
images\CAKE\CAKE0132.png,CAKE,i p d d m t t t r r r t r,,,,False,False
images\CAKE\CAKE0017.png,CAKE,i p d d m t t t r r r t r,,,,False,False
images\CAKE\CAKE0049.png,CAKE,i p d d m t t t r r r t r,,,,False,False
images\CAKE\CAKE0006.png,CAKE,i p d d m t t t r r r t r,,,,False,False
images\CAKE\CAKE0121.png,CAKE,i p d d m t t t r r r t r,,,,False,False
images\CAKE\CAKE0067.png,CAKE,i p d d m t t t r r r t r,,,,False,False
images\CAKE\CAKE0120.png,CAKE,i p d d m t t t r r r t r,,,,False,False
images\CAKE\CAKE0119.png,CAKE,i p d d m t t t r r r t r,,,,False,False
images\CANDY\CANDY0086.png,CANDY,i p d d m t t t r r r t r,,,,False,False
images\CANDY\CANDY0352.png,CANDY,i p d d m t t t r r r t r,,,,False,False
images\CANDY\CANDY0200.png,CANDY,i p d d m t t t r r r t r,,,,False,False
images\CANDY\CANDY0211.png,CANDY,i p d d m t t t r r r r,,,,False,False
images\CANDY\CANDY0087.png,CANDY,i p d d m t t t r r r t r,,,,False,False
images\CANDY\CANDY0138.png,CANDY,i p d d m t t t r r r r,,,,False,False
images\CANDY\CANDY0031.png,CANDY,i p d d m t t t r r r t r,,,,False,False
images\CANDY\CANDY0040.png,CANDY,i p d d m t t t r r r t r,,,,False,False
images\CANDY\CANDY0358.png,CANDY,i p d d m t t t r r r t r,,,,False,False
images\CANDY\CANDY0235.png,CANDY,i p d d m t t t r r r t r,,,,False,False
images\CANDY\CANDY0010.png,CANDY,i p d d m t t t r r r t r,,,,False,False
images\CANDY\CANDY0170.png,CANDY,i p d d m t t t r r r r,,,,False,False
images\CANDY\CANDY0264.png,CANDY,i p d d m t t t r r r t r,,,,False,False
images\CANDY\CANDY0240.png,CANDY,i p d d m t t t r r r t r,,,,False,False
images\CANDY\CANDY0014.png,CANDY,i p d d m t t t r r r t r,,,,False,False
images\CANDY\CANDY0321.png,CANDY,i p d d m t t t r r r t r,,,,False,False
images\CANDY\CANDY0256.png,CANDY,i p d d m t t t r r r t r,,,,False,False
images\CANDY\CANDY0239.png,CANDY,i p d d m t t t r r r r,,,,False,False
images\CANDY\CANDY0275.png,CANDY,i p d d m t t t r r r t r,,,,False,False
images\CANDY\CANDY0090.png,CANDY,i p d d m t t t r r r t r,,,,False,False
images\CANDY\CANDY0133.png,CANDY,i p d d m t t t r r r r,,,,False,False
images\CANDY\CANDY0215.png,CANDY,i p d d m t t t r r r t r,,,,False,False
images\CANDY\CANDY0161.png,CANDY,i p d d m t t t r r r t r,,,,False,False
images\CANDY\CANDY0289.png,CANDY,i p d d m t t t r r r t r,,,,False,False
images\CANDY\CANDY0365.png,CANDY,i p d d m t t t r r r t r,,,,False,False
images\CANDY\CANDY0069.png,CANDY,i p d d m t t t r r r t r,,,,False,False
images\CANDY\CANDY0110.png,CANDY,i p d d m t t t r r r t r,,,,False,False
images\CANDY\CANDY0251.png,CANDY,i p d d m t t t r r r r,,,,False,False
images\CANDY\CANDY0156.png,CANDY,i p d d m t t t r r r t r,,,,False,False
images\CANDY\CANDY0065.png,CANDY,i p d d m t t t r r r t r,,,,False,False
images\CANDY\CANDY0259.png,CANDY,i p d d m t t t r r r t r,,,,False,False
images\CANDY\CANDY0055.png,CANDY,i p d d m t t t r r r t r,,,,False,False
images\CANDY\CANDY0320.png,CANDY,i p d d m t t t r r r t r,,,,False,False
images\CANDY\CANDY0278.png,CANDY,i p d d m t t t r r r t r,,,,False,False
images\CANDY\CANDY0258.png,CANDY,i p d d m t t t r r r r,,,,False,False
images\CANDY\CANDY0192.png,CANDY,i p d d m t t t r r r t r,,,,False,False
images\CANDY\CANDY0002.png,CANDY,i p d d m t t t r r r t r,,,,False,False
images\CANDY\CANDY0290.png,CANDY,i p d d m t t t r r r t r,,,,False,False
images\CANDY\CANDY0336.png,CANDY,i p d d m t t t r r r t r,,,,False,False
images\CANDY\CANDY0231.png,CANDY,i p d d m t t t r r r t r,,,,False,False
images\CEREAL\CEREAL0199.png,CEREAL,i p d d m t t t r r r r,,,,False,False
images\CEREAL\CEREAL0262.png,CEREAL,i p d d m t t t r r r t r,,,,False,False
images\CEREAL\CEREAL0183.png,CEREAL,i p d d m t t t r r r t r,,,,False,False
images\CEREAL\CEREAL0229.png,CEREAL,i p d d m t t t r r r r,,,,False,False
images\CEREAL\CEREAL0276.png,CEREAL,i p d d m t t t r r r t r,,,,False,False
images\CEREAL\CEREAL0115.png,CEREAL,i p d d m t t t r r r t r,,,,False,False
images\CEREAL\CEREAL0138.png,CEREAL,i p d d m t t t r r r t r,,,,False,False
images\CEREAL\CEREAL0267.png,CEREAL,i p d d m t t t r r r t r,,,,False,False
images\CEREAL\CEREAL0093.png,CEREAL,i p d d m t t t r r r t r,,,,False,False
images\CEREAL\CEREAL0174.png,CEREAL,i p d d m t t t r r r t r,,,,False,False
images\CEREAL\CEREAL0209.png,CEREAL,i p d d m t t t r r r t r,,,,False,False
images\CEREAL\CEREAL0146.png,CEREAL,i p d d m t t t r r r t r,,,,False,False
images\CEREAL\CEREAL0059.png,CEREAL,i p d d m t t t r r r t r,,,,False,False
images\CEREAL\CEREAL0249.png,CEREAL,i p d d m t t t r r r t r,,,,False,False
images\CEREAL\CEREAL0129.png,CEREAL,i p d d m t t t r r r t r,,,,False,False
images\CEREAL\CEREAL0076.png,CEREAL,i p d d m t t t r r r t r,,,,False,False
images\CEREAL\CEREAL0181.png,CEREAL,i p d d m t t t r r r t r,,,,False,False
images\CEREAL\CEREAL0215.png,CEREAL,i p d d m t t t r r r t r,,,,False,False
images\CEREAL\CEREAL0107.png,CEREAL,i p d d m t t t r r r t r,,,,False,False
images\CEREAL\CEREAL0113.png,CEREAL,i p d d m t t t r r r t r,,,,False,False
images\CEREAL\CEREAL0248.png,CEREAL,i p d d m t t t r r r t r,,,,False,False
images\CEREAL\CEREAL0221.png,CEREAL,i p d d m t t t r r r t r,,,,False,False
images\CEREAL\CEREAL0008.png,CEREAL,i p d d m t t t r r r t r,,,,False,False
images\CEREAL\CEREAL0210.png,CEREAL,i p d d m t t t r r r t r,,,,False,False
images\CEREAL\CEREAL0023.png,CEREAL,i p d d m t t t r r r t r,,,,False,False
images\CEREAL\CEREAL0225.png,CEREAL,i p d d m t t t r r r t r,,,,False,False
images\CEREAL\CEREAL0119.png,CEREAL,i p d d m t t t r r r t r,,,,False,False
images\CEREAL\CEREAL0015.png,CEREAL,i p d d m t t t r r r t r,,,,False,False
images\CEREAL\CEREAL0194.png,CEREAL,i p d d m t t t r r r t r,,,,False,False
images\CEREAL\CEREAL0030.png,CEREAL,i p d d m t t t r r r t r,,,,False,False
images\CEREAL\CEREAL0245.png,CEREAL,i p d d m t t t r r r t r,,,,False,False
images\CEREAL\CEREAL0134.png,CEREAL,i p d d m t t t r r r t r,,,,False,False
images\CEREAL\CEREAL0061.png,CEREAL,i p d d m t t t r r r t r,,,,False,False
images\CEREAL\CEREAL0231.png,CEREAL,i p d d m t t t r r r t r,,,,False,False
images\CEREAL\CEREAL0067.png,CEREAL,i p d d m t t t r r r t r,,,,False,False
images\CEREAL\CEREAL0136.png,CEREAL,i p d d m t t t r r r t r,,,,False,False
images\CEREAL\CEREAL0057.png,CEREAL,i p d d m t t t r r r t r,,,,False,False
images\CEREAL\CEREAL0139.png,CEREAL,i p d d m t t t r r r r,,,,False,False
images\CEREAL\CEREAL0036.png,CEREAL,i p d d m t t t r r r t r,,,,False,False
images\CEREAL\CEREAL0232.png,CEREAL,i p d d m t t t r r r t r,,,,False,False
images\CHIPS\CHIPS0170.png,CHIPS,i p d d m t t t r r r t r,,,,False,False
images\CHIPS\CHIPS0090.png,CHIPS,i p d d m t t t r r r t r,,,,False,False
images\CHIPS\CHIPS0155.png,CHIPS,i p d d m t t t r r r t r,,,,False,False
images\CHIPS\CHIPS0060.png,CHIPS,i p d d m t t t r r r t r,,,,False,False
images\CHIPS\CHIPS0140.png,CHIPS,i p d d m t t t r r r t r,,,,False,False
images\CHIPS\CHIPS0176.png,CHIPS,i p d d m t t t r r r t r,,,,False,False
images\CHIPS\CHIPS0080.png,CHIPS,i p d d m t t t r r r t r,,,,False,False
images\CHIPS\CHIPS0020.png,CHIPS,i p d d m t t t r r r t r,,,,False,False
images\CHIPS\CHIPS0159.png,CHIPS,i p d d m t t t r r r t r,,,,False,False
images\CHIPS\CHIPS0033.png,CHIPS,i p d d m t t t r r r t r,,,,False,False
images\CHIPS\CHIPS0091.png,CHIPS,i p d d m t t t r r r t r,,,,False,False
images\CHIPS\CHIPS0027.png,CHIPS,i p d d m t t t r r r t r,,,,False,False
images\CHIPS\CHIPS0101.png,CHIPS,i p d d m t t t r r r t r,,,,False,False
images\CHIPS\CHIPS0168.png,CHIPS,i p d d m t t t r r r r,,,,False,False
images\CHIPS\CHIPS0015.png,CHIPS,i p d d m t t t r r r t r,,,,False,False
images\CHIPS\CHIPS0045.png,CHIPS,i p d d m t t t r r r t r,,,,False,False
images\CHIPS\CHIPS0103.png,CHIPS,i p d d m t t t r r r t r,,,,False,False
images\CHIPS\CHIPS0055.png,CHIPS,i p d d m t t t r r r t r,,,,False,False
images\CHIPS\CHIPS0158.png,CHIPS,i p d d m t t t r r r t r,,,,False,False
images\CHIPS\CHIPS0087.png,CHIPS,i p d d m t t t r r r t r,,,,False,False
images\CHIPS\CHIPS0115.png,CHIPS,i p d d m t t t r r r t r,,,,False,False
images\CHIPS\CHIPS0128.png,CHIPS,i p d d m t t t r r r t r,,,,False,False
images\CHIPS\CHIPS0102.png,CHIPS,i p d d m t t t r r r t r,,,,False,False
images\CHIPS\CHIPS0097.png,CHIPS,i p d d m t t t r r r t r,,,,False,False
images\CHIPS\CHIPS0057.png,CHIPS,i p d d m t t t r r r t r,,,,False,False
images\CHIPS\CHIPS0175.png,CHIPS,i p d d m t t t r r r r,,,,False,False
images\CHIPS\CHIPS0114.png,CHIPS,i p d d m t t t r r r t r,,,,False,False
images\CHIPS\CHIPS0098.png,CHIPS,i p d d m t t t r r r t r,,,,False,False
images\CHIPS\CHIPS0085.png,CHIPS,i p d d m t t t r r r t r,,,,False,False
images\CHIPS\CHIPS0079.png,CHIPS,i p d d m t t t r r r t r,,,,False,False
images\CHIPS\CHIPS0151.png,CHIPS,i p d d m t t t r r r r,,,,False,False
images\CHIPS\CHIPS0136.png,CHIPS,i p d d m t t t r r r t r,,,,False,False
images\CHIPS\CHIPS0110.png,CHIPS,i p d d m t t t r r r t r,,,,False,False
images\CHIPS\CHIPS0107.png,CHIPS,i p d d m t t t r r r t r,,,,False,False
images\CHIPS\CHIPS0120.png,CHIPS,i p d d m t t t r r r t r,,,,False,False
images\CHIPS\CHIPS0169.png,CHIPS,i p d d m t t t r r r t r,,,,False,False
images\CHIPS\CHIPS0047.png,CHIPS,i p d d m t t t r r r t r,,,,False,False
images\CHIPS\CHIPS0042.png,CHIPS,i p d d m t t t r r r t r,,,,False,False
images\CHIPS\CHIPS0108.png,CHIPS,i p d d m t t t r r r t r,,,,False,False
images\CHIPS\CHIPS0040.png,CHIPS,i p d d m t t t r r r t r,,,,False,False
images\CHOCOLATE\CHOCOLATE0171.png,CHOCOLATE,i p d d m t t t r r r t r,,,,False,False
images\CHOCOLATE\CHOCOLATE0237.png,CHOCOLATE,i p d d m t t t r r r t r,,,,False,False
images\CHOCOLATE\CHOCOLATE0163.png,CHOCOLATE,i p d d m t t t r r r t r,,,,False,False
images\CHOCOLATE\CHOCOLATE0269.png,CHOCOLATE,i p d d m t t t r r r t r,,,,False,False
images\CHOCOLATE\CHOCOLATE0051.png,CHOCOLATE,i p d d m t t t r r r t r,,,,False,False
images\CHOCOLATE\CHOCOLATE0110.png,CHOCOLATE,i p d d m t t t r r r t r,,,,False,False
images\CHOCOLATE\CHOCOLATE0173.png,CHOCOLATE,i p d d m t t t r r r t r,,,,False,False
images\CHOCOLATE\CHOCOLATE0067.png,CHOCOLATE,i p d d m t t t r r r t r,,,,False,False
images\CHOCOLATE\CHOCOLATE0191.png,CHOCOLATE,i p d d m t t t r r r t r,,,,False,False
images\CHOCOLATE\CHOCOLATE0027.png,CHOCOLATE,i p d d m t t t r r r t r,,,,False,False
images\CHOCOLATE\CHOCOLATE0132.png,CHOCOLATE,i p d d m t t t r r r t r,,,,False,False
images\CHOCOLATE\CHOCOLATE0106.png,CHOCOLATE,i p d d m t t t r r r t r,,,,False,False
images\CHOCOLATE\CHOCOLATE0145.png,CHOCOLATE,i p d d m t t t r r r t r,,,,False,False
images\CHOCOLATE\CHOCOLATE0300.png,CHOCOLATE,i p d d m t t t r r r t r,,,,False,False
images\CHOCOLATE\CHOCOLATE0103.png,CHOCOLATE,i p d d m t t t r r r t r,,,,False,False
images\CHOCOLATE\CHOCOLATE0275.png,CHOCOLATE,i p d d m t t t r r r t r,,,,False,False
images\CHOCOLATE\CHOCOLATE0079.png,CHOCOLATE,i p d d m t t t r r r r,,,,False,False
images\CHOCOLATE\CHOCOLATE0194.png,CHOCOLATE,i p d d m t t t r r r t r,,,,False,False
images\CHOCOLATE\CHOCOLATE0271.png,CHOCOLATE,i p d d m t t t r r r t r,,,,False,False
images\CHOCOLATE\CHOCOLATE0253.png,CHOCOLATE,i p d d m t t t r r r t r,,,,False,False
images\CHOCOLATE\CHOCOLATE0184.png,CHOCOLATE,i p d d m t t t r r r t r,,,,False,False
images\CHOCOLATE\CHOCOLATE0183.png,CHOCOLATE,i p d d m t t t r r r t r,,,,False,False
images\CHOCOLATE\CHOCOLATE0246.png,CHOCOLATE,i p d d m t t t r r r t r,,,,False,False
images\CHOCOLATE\CHOCOLATE0286.png,CHOCOLATE,i p d d m t t t r r r t r,,,,False,False
images\CHOCOLATE\CHOCOLATE0057.png,CHOCOLATE,i p d d m t t t r r r t r,,,,False,False
images\CHOCOLATE\CHOCOLATE0012.png,CHOCOLATE,i p d d m t t t r r r t r,,,,False,False
images\CHOCOLATE\CHOCOLATE0306.png,CHOCOLATE,i p d d m t t t r r r t r,,,,False,False
images\CHOCOLATE\CHOCOLATE0076.png,CHOCOLATE,i p d d m t t t r r r t r,,,,False,False
images\CHOCOLATE\CHOCOLATE0122.png,CHOCOLATE,i p d d m t t t r r r t r,,,,False,False
images\CHOCOLATE\CHOCOLATE0014.png,CHOCOLATE,i p d d m t t t r r r t r,,,,False,False
images\CHOCOLATE\CHOCOLATE0047.png,CHOCOLATE,i p d d m t t t r r r t r,,,,False,False
images\CHOCOLATE\CHOCOLATE0082.png,CHOCOLATE,i p d d m t t t r r r t r,,,,False,False
images\CHOCOLATE\CHOCOLATE0244.png,CHOCOLATE,i p d d m t t t r r r t r,,,,False,False
images\CHOCOLATE\CHOCOLATE0204.png,CHOCOLATE,i p d d m t t t r r r r,,,,False,False
images\CHOCOLATE\CHOCOLATE0267.png,CHOCOLATE,i p d d m t t t r r r t r,,,,False,False
images\CHOCOLATE\CHOCOLATE0154.png,CHOCOLATE,i p d d m t t t r r r t r,,,,False,False
images\CHOCOLATE\CHOCOLATE0104.png,CHOCOLATE,i p d d m t t t r r r r,,,,False,False
images\CHOCOLATE\CHOCOLATE0159.png,CHOCOLATE,i p d d m t t t r r r t r,,,,False,False
images\CHOCOLATE\CHOCOLATE0022.png,CHOCOLATE,i p d d m t t t r r r t r,,,,False,False
images\CHOCOLATE\CHOCOLATE0232.png,CHOCOLATE,i p d d m t t t r r r t r,,,,False,False
images\COFFEE\COFFEE0043.png,COFFEE,i p d d m t t t r r r t r,,,,False,False
images\COFFEE\COFFEE0127.png,COFFEE,i p d d m t t t r r r t r,,,,False,False
images\COFFEE\COFFEE0102.png,COFFEE,i p d d m t t t r r r t r,,,,False,False
images\COFFEE\COFFEE0219.png,COFFEE,i p d d m t t t r r r t r,,,,False,False
images\COFFEE\COFFEE0074.png,COFFEE,i p d d m t t t r r r t r,,,,False,False
images\COFFEE\COFFEE0245.png,COFFEE,i p d d m t t t r r r t r,,,,False,False
images\COFFEE\COFFEE0023.png,COFFEE,i p d d m t t t r r r t r,,,,False,False
images\COFFEE\COFFEE0191.png,COFFEE,i p d d m t t t r r r t r,,,,False,False
images\COFFEE\COFFEE0222.png,COFFEE,i p d d m t t t r r r t r,,,,False,False
images\COFFEE\COFFEE0174.png,COFFEE,i p d d m t t t r r r t r,,,,False,False
images\COFFEE\COFFEE0291.png,COFFEE,i p d d m t t t r r r t r,,,,False,False
images\COFFEE\COFFEE0110.png,COFFEE,i p d d m t t t r r r t r,,,,False,False
images\COFFEE\COFFEE0101.png,COFFEE,i p d d m t t t r r r t r,,,,False,False
images\COFFEE\COFFEE0285.png,COFFEE,i p d d m t t t r r r t r,,,,False,False
images\COFFEE\COFFEE0189.png,COFFEE,i p d d m t t t r r r t r,,,,False,False
images\COFFEE\COFFEE0296.png,COFFEE,i p d d m t t t r r r t r,,,,False,False
images\COFFEE\COFFEE0007.png,COFFEE,i p d d m t t t r r r t r,,,,False,False
images\COFFEE\COFFEE0205.png,COFFEE,i p d d m t t t r r r t r,,,,False,False
images\COFFEE\COFFEE0133.png,COFFEE,i p d d m t t t r r r t r,,,,False,False
images\COFFEE\COFFEE0054.png,COFFEE,i p d d m t t t r r r t r,,,,False,False
images\COFFEE\COFFEE0017.png,COFFEE,i p d d m t t t r r r t r,,,,False,False
images\COFFEE\COFFEE0085.png,COFFEE,i p d d m t t t r r r t r,,,,False,False
images\COFFEE\COFFEE0154.png,COFFEE,i p d d m t t t r r r t r,,,,False,False
images\COFFEE\COFFEE0227.png,COFFEE,i p d d m t t t r r r t r,,,,False,False
images\COFFEE\COFFEE0254.png,COFFEE,i p d d m t t t r r r t r,,,,False,False
images\COFFEE\COFFEE0211.png,COFFEE,i p d d m t t t r r r t r,,,,False,False
images\COFFEE\COFFEE0118.png,COFFEE,i p d d m t t t r r r t r,,,,False,False
images\COFFEE\COFFEE0295.png,COFFEE,i p d d m t t t r r r t r,,,,False,False
images\COFFEE\COFFEE0126.png,COFFEE,i p d d m t t t r r r t r,,,,False,False
images\COFFEE\COFFEE0000.png,COFFEE,i p d d m t t t r r r t r,,,,False,False
images\COFFEE\COFFEE0042.png,COFFEE,i p d d m t t t r r r t r,,,,False,False
images\COFFEE\COFFEE0041.png,COFFEE,i p d d m t t t r r r t r,,,,False,False
images\COFFEE\COFFEE0173.png,COFFEE,i p d d m t t t r r r t r,,,,False,False
images\COFFEE\COFFEE0018.png,COFFEE,i p d d m t t t r r r t r,,,,False,False
images\COFFEE\COFFEE0068.png,COFFEE,i p d d m t t t r r r t r,,,,False,False
images\COFFEE\COFFEE0232.png,COFFEE,i p d d m t t t r r r t r,,,,False,False
images\COFFEE\COFFEE0283.png,COFFEE,i p d d m t t t r r r t r,,,,False,False
images\COFFEE\COFFEE0020.png,COFFEE,i p d d m t t t r r r t r,,,,False,False
images\COFFEE\COFFEE0125.png,COFFEE,i p d d m t t t r r r t r,,,,False,False
images\COFFEE\COFFEE0207.png,COFFEE,i p d d m t t t r r r t r,,,,False,False
images\CORN\CORN0000.png,CORN,i p d d m t t t r r r t r,,,,False,False
images\CORN\CORN0004.png,CORN,i p d d m t t t r r r r,,,,False,False
images\CORN\CORN0038.png,CORN,i p d d m t t t r r r t r,,,,False,False
images\CORN\CORN0092.png,CORN,i p d d m t t t r r r t r,,,,False,False
images\CORN\CORN0064.png,CORN,i p d d m t t t r r r t r,,,,False,False
images\CORN\CORN0023.png,CORN,i p d d m t t t r r r r,,,,False,False
images\CORN\CORN0074.png,CORN,i p d d m t t t r r r t r,,,,False,False
images\CORN\CORN0018.png,CORN,i p d d m t t t r r r t r,,,,False,False
images\CORN\CORN0036.png,CORN,i p d d m t t t r r r t r,,,,False,False
images\CORN\CORN0041.png,CORN,i p d d m t t t r r r t r,,,,False,False
images\CORN\CORN0078.png,CORN,i p d d m t t t r r r t r,,,,False,False
images\CORN\CORN0013.png,CORN,i p d d m t t t r r r t r,,,,False,False
images\CORN\CORN0052.png,CORN,i p d d m t t t r r r t r,,,,False,False
images\CORN\CORN0028.png,CORN,i p d d m t t t r r r t r,,,,False,False
images\CORN\CORN0058.png,CORN,i p d d m t t t r r r t r,,,,False,False
images\CORN\CORN0003.png,CORN,i p d d m t t t r r r t r,,,,False,False
images\CORN\CORN0034.png,CORN,i p d d m t t t r r r t r,,,,False,False
images\CORN\CORN0066.png,CORN,i p d d m t t t r r r t r,,,,False,False
images\CORN\CORN0035.png,CORN,i p d d m t t t r r r t r,,,,False,False
images\CORN\CORN0054.png,CORN,i p d d m t t t r r r t r,,,,False,False
images\CORN\CORN0093.png,CORN,i p d d m t t t r r r t r,,,,False,False
images\CORN\CORN0022.png,CORN,i p d d m t t t r r r t r,,,,False,False
images\CORN\CORN0068.png,CORN,i p d d m t t t r r r t r,,,,False,False
images\CORN\CORN0075.png,CORN,i p d d m t t t r r r t r,,,,False,False
images\CORN\CORN0079.png,CORN,i p d d m t t t r r r r,,,,False,False
images\CORN\CORN0055.png,CORN,i p d d m t t t r r r t r,,,,False,False
images\CORN\CORN0006.png,CORN,i p d d m t t t r r r t r,,,,False,False
images\CORN\CORN0042.png,CORN,i p d d m t t t r r r t r,,,,False,False
images\CORN\CORN0030.png,CORN,i p d d m t t t r r r t r,,,,False,False
images\CORN\CORN0088.png,CORN,i p d d m t t t r r r t r,,,,False,False
images\CORN\CORN0005.png,CORN,i p d d m t t t r r r t r,,,,False,False
images\CORN\CORN0026.png,CORN,i p d d m t t t r r r r,,,,False,False
images\CORN\CORN0002.png,CORN,i p d d m t t t r r r t r,,,,False,False
images\CORN\CORN0067.png,CORN,i p d d m t t t r r r t r,,,,False,False
images\CORN\CORN0033.png,CORN,i p d d m t t t r r r t r,,,,False,False
images\CORN\CORN0085.png,CORN,i p d d m t t t r r r t r,,,,False,False
images\CORN\CORN0051.png,CORN,i p d d m t t t r r r r,,,,False,False
images\CORN\CORN0086.png,CORN,i p d d m t t t r r r t r,,,,False,False
images\CORN\CORN0084.png,CORN,i p d d m t t t r r r t r,,,,False,False
images\CORN\CORN0025.png,CORN,i p d d m t t t r r r t r,,,,False,False
images\FISH\FISH0026.png,FISH,i p d d m t t t r r r t r,,,,False,False
images\FISH\FISH0074.png,FISH,i p d d m t t t r r r t r,,,,False,False
images\FISH\FISH0015.png,FISH,i p d d m t t t r r r t r,,,,False,False
images\FISH\FISH0037.png,FISH,i p d d m t t t r r r t r,,,,False,False
images\FISH\FISH0045.png,FISH,i p d d m t t t r r r r,,,,False,False
images\FISH\FISH0068.png,FISH,i p d d m t t t r r r t r,,,,False,False
images\FISH\FISH0000.png,FISH,i p d d m t t t r r r t r,,,,False,False
images\FISH\FISH0104.png,FISH,i p d d m t t t r r r t r,,,,False,False
images\FISH\FISH0009.png,FISH,i p d d m t t t r r r t r,,,,False,False
images\FISH\FISH0028.png,FISH,i p d d m t t t r r r t r,,,,False,False
images\FISH\FISH0046.png,FISH,i p d d m t t t r r r r,,,,False,False
images\FISH\FISH0042.png,FISH,i p d d m t t t r r r t r,,,,False,False
images\FISH\FISH0047.png,FISH,i p d d m t t t r r r t r,,,,False,False
images\FISH\FISH0065.png,FISH,i p d d m t t t r r r t r,,,,False,False
images\FISH\FISH0064.png,FISH,i p d d m t t t r r r t r,,,,False,False
images\FISH\FISH0010.png,FISH,i p d d m t t t r r r t r,,,,False,False
images\FISH\FISH0016.png,FISH,i p d d m t t t r r r t r,,,,False,False
images\FISH\FISH0084.png,FISH,i p d d m t t t r r r t r,,,,False,False
images\FISH\FISH0106.png,FISH,i p d d m t t t r r r t r,,,,False,False
images\FISH\FISH0061.png,FISH,i p d d m t t t r r r t r,,,,False,False
images\FISH\FISH0067.png,FISH,i p d d m t t t r r r t r,,,,False,False
images\FISH\FISH0077.png,FISH,i p d d m t t t r r r t r,,,,False,False
images\FISH\FISH0072.png,FISH,i p d d m t t t r r r t r,,,,False,False
images\FISH\FISH0063.png,FISH,i p d d m t t t r r r t r,,,,False,False
images\FISH\FISH0089.png,FISH,i p d d m t t t r r r t r,,,,False,False
images\FISH\FISH0008.png,FISH,i p d d m t t t r r r t r,,,,False,False
images\FISH\FISH0107.png,FISH,i p d d m t t t r r r t r,,,,False,False
images\FISH\FISH0079.png,FISH,i p d d m t t t r r r t r,,,,False,False
images\FISH\FISH0102.png,FISH,i p d d m t t t r r r t r,,,,False,False
images\FISH\FISH0004.png,FISH,i p d d m t t t r r r t r,,,,False,False
images\FISH\FISH0094.png,FISH,i p d d m t t t r r r t r,,,,False,False
images\FISH\FISH0097.png,FISH,i p d d m t t t r r r t r,,,,False,False
images\FISH\FISH0109.png,FISH,i p d d m t t t r r r t r,,,,False,False
images\FISH\FISH0013.png,FISH,i p d d m t t t r r r t r,,,,False,False
images\FISH\FISH0022.png,FISH,i p d d m t t t r r r t r,,,,False,False
images\FISH\FISH0029.png,FISH,i p d d m t t t r r r r,,,,False,False
images\FISH\FISH0051.png,FISH,i p d d m t t t r r r t r,,,,False,False
images\FISH\FISH0100.png,FISH,i p d d m t t t r r r t r,,,,False,False
images\FISH\FISH0025.png,FISH,i p d d m t t t r r r t r,,,,False,False
images\FISH\FISH0090.png,FISH,i p d d m t t t r r r t r,,,,False,False
images\FLOUR\FLOUR0029.png,FLOUR,i p d d m t t t r r r t r,,,,False,False
images\FLOUR\FLOUR0018.png,FLOUR,i p d d m t t t r r r t r,,,,False,False
images\FLOUR\FLOUR0039.png,FLOUR,i p d d m t t t r r r t r,,,,False,False
images\FLOUR\FLOUR0044.png,FLOUR,i p d d m t t t r r r t r,,,,False,False
images\FLOUR\FLOUR0006.png,FLOUR,i p d d m t t t r r r t r,,,,False,False
images\FLOUR\FLOUR0064.png,FLOUR,i p d d m t t t r r r t r,,,,False,False
images\FLOUR\FLOUR0077.png,FLOUR,i p d d m t t t r r r t r,,,,False,False
images\FLOUR\FLOUR0102.png,FLOUR,i p d d m t t t r r r t r,,,,False,False
images\FLOUR\FLOUR0074.png,FLOUR,i p d d m t t t r r r t r,,,,False,False
images\FLOUR\FLOUR0103.png,FLOUR,i p d d m t t t r r r t r,,,,False,False
images\FLOUR\FLOUR0008.png,FLOUR,i p d d m t t t r r r t r,,,,False,False
images\FLOUR\FLOUR0012.png,FLOUR,i p d d m t t t r r r t r,,,,False,False
images\FLOUR\FLOUR0067.png,FLOUR,i p d d m t t t r r r t r,,,,False,False
images\FLOUR\FLOUR0002.png,FLOUR,i p d d m t t t r r r t r,,,,False,False
images\FLOUR\FLOUR0082.png,FLOUR,i p d d m t t t r r r t r,,,,False,False
images\FLOUR\FLOUR0065.png,FLOUR,i p d d m t t t r r r t r,,,,False,False
images\FLOUR\FLOUR0003.png,FLOUR,i p d d m t t t r r r t r,,,,False,False
images\FLOUR\FLOUR0089.png,FLOUR,i p d d m t t t r r r t r,,,,False,False
images\FLOUR\FLOUR0080.png,FLOUR,i p d d m t t t r r r t r,,,,False,False
images\FLOUR\FLOUR0062.png,FLOUR,i p d d m t t t r r r t r,,,,False,False
images\FLOUR\FLOUR0054.png,FLOUR,i p d d m t t t r r r t r,,,,False,False
images\FLOUR\FLOUR0057.png,FLOUR,i p d d m t t t r r r t r,,,,False,False
images\FLOUR\FLOUR0014.png,FLOUR,i p d d m t t t r r r t r,,,,False,False
images\FLOUR\FLOUR0045.png,FLOUR,i p d d m t t t r r r t r,,,,False,False
images\FLOUR\FLOUR0016.png,FLOUR,i p d d m t t t r r r t r,,,,False,False
images\FLOUR\FLOUR0026.png,FLOUR,i p d d m t t t r r r t r,,,,False,False
images\FLOUR\FLOUR0017.png,FLOUR,i p d d m t t t r r r t r,,,,False,False
images\FLOUR\FLOUR0100.png,FLOUR,i p d d m t t t r r r t r,,,,False,False
images\FLOUR\FLOUR0107.png,FLOUR,i p d d m t t t r r r t r,,,,False,False
images\FLOUR\FLOUR0070.png,FLOUR,i p d d m t t t r r r t r,,,,False,False
images\FLOUR\FLOUR0035.png,FLOUR,i p d d m t t t r r r t r,,,,False,False
images\FLOUR\FLOUR0053.png,FLOUR,i p d d m t t t r r r t r,,,,False,False
images\FLOUR\FLOUR0051.png,FLOUR,i p d d m t t t r r r t r,,,,False,False
images\FLOUR\FLOUR0021.png,FLOUR,i p d d m t t t r r r t r,,,,False,False
images\FLOUR\FLOUR0096.png,FLOUR,i p d d m t t t r r r r,,,,False,False
images\FLOUR\FLOUR0031.png,FLOUR,i p d d m t t t r r r t r,,,,False,False
images\FLOUR\FLOUR0059.png,FLOUR,i p d d m t t t r r r t r,,,,False,False
images\FLOUR\FLOUR0040.png,FLOUR,i p d d m t t t r r r t r,,,,False,False
images\FLOUR\FLOUR0068.png,FLOUR,i p d d m t t t r r r t r,,,,False,False
images\FLOUR\FLOUR0020.png,FLOUR,i p d d m t t t r r r t r,,,,False,False
images\HONEY\HONEY0054.png,HONEY,i p d d m t t t r r r t r,,,,False,False
images\HONEY\HONEY0031.png,HONEY,i p d d m t t t r r r t r,,,,False,False
images\HONEY\HONEY0166.png,HONEY,i p d d m t t t r r r t r,,,,False,False
images\HONEY\HONEY0037.png,HONEY,i p d d m t t t r r r t r,,,,False,False
images\HONEY\HONEY0141.png,HONEY,i p d d m t t t r r r t r,,,,False,False
images\HONEY\HONEY0052.png,HONEY,i p d d m t t t r r r t r,,,,False,False
images\HONEY\HONEY0100.png,HONEY,i p d d m t t t r r r t r,,,,False,False
images\HONEY\HONEY0169.png,HONEY,i p d d m t t t r r r r,,,,False,False
images\HONEY\HONEY0058.png,HONEY,i p d d m t t t r r r t r,,,,False,False
images\HONEY\HONEY0171.png,HONEY,i p d d m t t t r r r t r,,,,False,False
images\HONEY\HONEY0161.png,HONEY,i p d d m t t t r r r t r,,,,False,False
images\HONEY\HONEY0127.png,HONEY,i p d d m t t t r r r t r,,,,False,False
images\HONEY\HONEY0135.png,HONEY,i p d d m t t t r r r t r,,,,False,False
images\HONEY\HONEY0157.png,HONEY,i p d d m t t t r r r r,,,,False,False
images\HONEY\HONEY0005.png,HONEY,i p d d m t t t r r r t r,,,,False,False
images\HONEY\HONEY0090.png,HONEY,i p d d m t t t r r r t r,,,,False,False
images\HONEY\HONEY0019.png,HONEY,i p d d m t t t r r r t r,,,,False,False
images\HONEY\HONEY0156.png,HONEY,i p d d m t t t r r r t r,,,,False,False
images\HONEY\HONEY0096.png,HONEY,i p d d m t t t r r r t r,,,,False,False
images\HONEY\HONEY0167.png,HONEY,i p d d m t t t r r r t r,,,,False,False
images\HONEY\HONEY0151.png,HONEY,i p d d m t t t r r r t r,,,,False,False
images\HONEY\HONEY0144.png,HONEY,i p d d m t t t r r r r,,,,False,False
images\HONEY\HONEY0013.png,HONEY,i p d d m t t t r r r t r,,,,False,False
images\HONEY\HONEY0066.png,HONEY,i p d d m t t t r r r t r,,,,False,False
images\HONEY\HONEY0040.png,HONEY,i p d d m t t t r r r r,,,,False,False
images\HONEY\HONEY0152.png,HONEY,i p d d m t t t r r r t r,,,,False,False
images\HONEY\HONEY0110.png,HONEY,i p d d m t t t r r r t r,,,,False,False
images\HONEY\HONEY0105.png,HONEY,i p d d m t t t r r r t r,,,,False,False
images\HONEY\HONEY0147.png,HONEY,i p d d m t t t r r r t r,,,,False,False
images\HONEY\HONEY0065.png,HONEY,i p d d m t t t r r r t r,,,,False,False
images\HONEY\HONEY0183.png,HONEY,i p d d m t t t r r r t r,,,,False,False
images\HONEY\HONEY0061.png,HONEY,i p d d m t t t r r r t r,,,,False,False
images\HONEY\HONEY0134.png,HONEY,i p d d m t t t r r r t r,,,,False,False
images\HONEY\HONEY0016.png,HONEY,i p d d m t t t r r r t r,,,,False,False
images\HONEY\HONEY0133.png,HONEY,i p d d m t t t r r r t r,,,,False,False
images\HONEY\HONEY0039.png,HONEY,i p d d m t t t r r r t r,,,,False,False
images\HONEY\HONEY0111.png,HONEY,i p d d m t t t r r r t r,,,,False,False
images\HONEY\HONEY0104.png,HONEY,i p d d m t t t r r r t r,,,,False,False
images\HONEY\HONEY0004.png,HONEY,i p d d m t t t r r r t r,,,,False,False
images\HONEY\HONEY0032.png,HONEY,i p d d m t t t r r r t r,,,,False,False
images\JAM\JAM0186.png,JAM,i p d d m t t t r r r t r,,,,False,False
images\JAM\JAM0058.png,JAM,i p d d m t t t r r r t r,,,,False,False
images\JAM\JAM0156.png,JAM,i p d d m t t t r r r t r,,,,False,False
images\JAM\JAM0202.png,JAM,i p d d m t t t r r r r,,,,False,False
images\JAM\JAM0204.png,JAM,i p d d m t t t r r r r,,,,False,False
images\JAM\JAM0082.png,JAM,i p d d m t t t r r r t r,,,,False,False
images\JAM\JAM0070.png,JAM,i p d d m t t t r r r t r,,,,False,False
images\JAM\JAM0086.png,JAM,i p d d m t t t r r r t r,,,,False,False
images\JAM\JAM0063.png,JAM,i p d d m t t t r r r t r,,,,False,False
images\JAM\JAM0111.png,JAM,i p d d m t t t r r r t r,,,,False,False
images\JAM\JAM0018.png,JAM,i p d d m t t t r r r t r,,,,False,False
images\JAM\JAM0071.png,JAM,i p d d m t t t r r r t r,,,,False,False
images\JAM\JAM0172.png,JAM,i p d d m t t t r r r r,,,,False,False
images\JAM\JAM0095.png,JAM,i p d d m t t t r r r r,,,,False,False
images\JAM\JAM0239.png,JAM,i p d d m t t t r r r t r,,,,False,False
images\JAM\JAM0234.png,JAM,i p d d m t t t r r r t r,,,,False,False
images\JAM\JAM0056.png,JAM,i p d d m t t t r r r r,,,,False,False
images\JAM\JAM0232.png,JAM,i p d d m t t t r r r t r,,,,False,False
images\JAM\JAM0161.png,JAM,i p d d m t t t r r r t r,,,,False,False
images\JAM\JAM0178.png,JAM,i p d d m t t t r r r t r,,,,False,False
images\JAM\JAM0080.png,JAM,i p d d m t t t r r r t r,,,,False,False
images\JAM\JAM0175.png,JAM,i p d d m t t t r r r t r,,,,False,False
images\JAM\JAM0227.png,JAM,i p d d m t t t r r r t r,,,,False,False
images\JAM\JAM0089.png,JAM,i p d d m t t t r r r t r,,,,False,False
images\JAM\JAM0000.png,JAM,i p d d m t t t r r r r,,,,False,False
images\JAM\JAM0047.png,JAM,i p d d m t t t r r r t r,,,,False,False
images\JAM\JAM0146.png,JAM,i p d d m t t t r r r t r,,,,False,False
images\JAM\JAM0023.png,JAM,i p d d m t t t r r r t r,,,,False,False
images\JAM\JAM0025.png,JAM,i p d d m t t t r r r t r,,,,False,False
images\JAM\JAM0087.png,JAM,i p d d m t t t r r r t r,,,,False,False
images\JAM\JAM0073.png,JAM,i p d d m t t t r r r t r,,,,False,False
images\JAM\JAM0162.png,JAM,i p d d m t t t r r r t r,,,,False,False
images\JAM\JAM0014.png,JAM,i p d d m t t t r r r t r,,,,False,False
images\JAM\JAM0134.png,JAM,i p d d m t t t r r r r,,,,False,False
images\JAM\JAM0193.png,JAM,i p d d m t t t r r r t r,,,,False,False
images\JAM\JAM0235.png,JAM,i p d d m t t t r r r t r,,,,False,False
images\JAM\JAM0075.png,JAM,i p d d m t t t r r r r,,,,False,False
images\JAM\JAM0138.png,JAM,i p d d m t t t r r r r,,,,False,False
images\JAM\JAM0188.png,JAM,i p d d m t t t r r r r,,,,False,False
images\JAM\JAM0093.png,JAM,i p d d m t t t r r r t r,,,,False,False
images\JUICE\JUICE0034.png,JUICE,i p d d m t t t r r r t r,,,,False,False
images\JUICE\JUICE0153.png,JUICE,i p d d m t t t r r r t r,,,,False,False
images\JUICE\JUICE0268.png,JUICE,i p d d m t t t r r r t r,,,,False,False
images\JUICE\JUICE0254.png,JUICE,i p d d m t t t r r r r,,,,False,False
images\JUICE\JUICE0046.png,JUICE,i p d d m t t t r r r t r,,,,False,False
images\JUICE\JUICE0248.png,JUICE,i p d d m t t t r r r r,,,,False,False
images\JUICE\JUICE0209.png,JUICE,i p d d m t t t r r r r,,,,False,False
images\JUICE\JUICE0275.png,JUICE,i p d d m t t t r r r t r,,,,False,False
images\JUICE\JUICE0154.png,JUICE,i p d d m t t t r r r t r,,,,False,False
images\JUICE\JUICE0146.png,JUICE,i p d d m t t t r r r t r,,,,False,False
images\JUICE\JUICE0000.png,JUICE,i p d d m t t t r r r r,,,,False,False
images\JUICE\JUICE0181.png,JUICE,i p d d m t t t r r r t r,,,,False,False
images\JUICE\JUICE0061.png,JUICE,i p d d m t t t r r r r,,,,False,False
images\JUICE\JUICE0039.png,JUICE,i p d d m t t t r r r t r,,,,False,False
images\JUICE\JUICE0141.png,JUICE,i p d d m t t t r r r r,,,,False,False
images\JUICE\JUICE0256.png,JUICE,i p d d m t t t r r r t r,,,,False,False
images\JUICE\JUICE0144.png,JUICE,i p d d m t t t r r r t r,,,,False,False
images\JUICE\JUICE0158.png,JUICE,i p d d m t t t r r r t r,,,,False,False
images\JUICE\JUICE0115.png,JUICE,i p d d m t t t r r r t r,,,,False,False
images\JUICE\JUICE0136.png,JUICE,i p d d m t t t r r r t r,,,,False,False
images\JUICE\JUICE0267.png,JUICE,i p d d m t t t r r r t r,,,,False,False
images\JUICE\JUICE0120.png,JUICE,i p d d m t t t r r r t r,,,,False,False
images\JUICE\JUICE0195.png,JUICE,i p d d m t t t r r r t r,,,,False,False
images\JUICE\JUICE0133.png,JUICE,i p d d m t t t r r r t r,,,,False,False
images\JUICE\JUICE0099.png,JUICE,i p d d m t t t r r r r,,,,False,False
images\JUICE\JUICE0274.png,JUICE,i p d d m t t t r r r t r,,,,False,False
images\JUICE\JUICE0114.png,JUICE,i p d d m t t t r r r t r,,,,False,False
images\JUICE\JUICE0006.png,JUICE,i p d d m t t t r r r t r,,,,False,False
images\JUICE\JUICE0186.png,JUICE,i p d d m t t t r r r t r,,,,False,False
images\JUICE\JUICE0296.png,JUICE,i p d d m t t t r r r t r,,,,False,False
images\JUICE\JUICE0235.png,JUICE,i p d d m t t t r r r r,,,,False,False
images\JUICE\JUICE0066.png,JUICE,i p d d m t t t r r r t r,,,,False,False
images\JUICE\JUICE0051.png,JUICE,i p d d m t t t r r r t r,,,,False,False
images\JUICE\JUICE0201.png,JUICE,i p d d m t t t r r r t r,,,,False,False
images\JUICE\JUICE0184.png,JUICE,i p d d m t t t r r r t r,,,,False,False
images\JUICE\JUICE0076.png,JUICE,i p d d m t t t r r r t r,,,,False,False
images\JUICE\JUICE0273.png,JUICE,i p d d m t t t r r r t r,,,,False,False
images\JUICE\JUICE0005.png,JUICE,i p d d m t t t r r r r,,,,False,False
images\JUICE\JUICE0075.png,JUICE,i p d d m t t t r r r t r,,,,False,False
images\JUICE\JUICE0196.png,JUICE,i p d d m t t t r r r t r,,,,False,False
images\MILK\MILK0058.png,MILK,i p d d m t t t r r r t r,,,,False,False
images\MILK\MILK0012.png,MILK,i p d d m t t t r r r t r,,,,False,False
images\MILK\MILK0071.png,MILK,i p d d m t t t r r r t r,,,,False,False
images\MILK\MILK0077.png,MILK,i p d d m t t t r r r t r,,,,False,False
images\MILK\MILK0093.png,MILK,i p d d m t t t r r r t r,,,,False,False
images\MILK\MILK0114.png,MILK,i p d d m t t t r r r t r,,,,False,False
images\MILK\MILK0139.png,MILK,i p d d m t t t r r r t r,,,,False,False
images\MILK\MILK0091.png,MILK,i p d d m t t t r r r t r,,,,False,False
images\MILK\MILK0065.png,MILK,i p d d m t t t r r r t r,,,,False,False
images\MILK\MILK0017.png,MILK,i p d d m t t t r r r t r,,,,False,False
images\MILK\MILK0024.png,MILK,i p d d m t t t r r r t r,,,,False,False
images\MILK\MILK0010.png,MILK,i p d d m t t t r r r t r,,,,False,False
images\MILK\MILK0141.png,MILK,i p d d m t t t r r r t r,,,,False,False
images\MILK\MILK0150.png,MILK,i p d d m t t t r r r t r,,,,False,False
images\MILK\MILK0078.png,MILK,i p d d m t t t r r r t r,,,,False,False
images\MILK\MILK0127.png,MILK,i p d d m t t t r r r t r,,,,False,False
images\MILK\MILK0005.png,MILK,i p d d m t t t r r r t r,,,,False,False
images\MILK\MILK0022.png,MILK,i p d d m t t t r r r t r,,,,False,False
images\MILK\MILK0061.png,MILK,i p d d m t t t r r r t r,,,,False,False
images\MILK\MILK0000.png,MILK,i p d d m t t t r r r t r,,,,False,False
images\MILK\MILK0052.png,MILK,i p d d m t t t r r r t r,,,,False,False
images\MILK\MILK0029.png,MILK,i p d d m t t t r r r t r,,,,False,False
images\MILK\MILK0092.png,MILK,i p d d m t t t r r r t r,,,,False,False
images\MILK\MILK0051.png,MILK,i p d d m t t t r r r t r,,,,False,False
images\MILK\MILK0108.png,MILK,i p d d m t t t r r r t r,,,,False,False
images\MILK\MILK0132.png,MILK,i p d d m t t t r r r t r,,,,False,False
images\MILK\MILK0045.png,MILK,i p d d m t t t r r r t r,,,,False,False
images\MILK\MILK0152.png,MILK,i p d d m t t t r r r t r,,,,False,False
images\MILK\MILK0101.png,MILK,i p d d m t t t r r r t r,,,,False,False
images\MILK\MILK0007.png,MILK,i p d d m t t t r r r t r,,,,False,False
images\MILK\MILK0008.png,MILK,i p d d m t t t r r r t r,,,,False,False
images\MILK\MILK0028.png,MILK,i p d d m t t t r r r t r,,,,False,False
images\MILK\MILK0026.png,MILK,i p d d m t t t r r r t r,,,,False,False
images\MILK\MILK0126.png,MILK,i p d d m t t t r r r r,,,,False,False
images\MILK\MILK0158.png,MILK,i p d d m t t t r r r t r,,,,False,False
images\MILK\MILK0080.png,MILK,i p d d m t t t r r r t r,,,,False,False
images\MILK\MILK0054.png,MILK,i p d d m t t t r r r t r,,,,False,False
images\MILK\MILK0129.png,MILK,i p d d m t t t r r r t r,,,,False,False
images\MILK\MILK0131.png,MILK,i p d d m t t t r r r t r,,,,False,False
images\MILK\MILK0053.png,MILK,i p d d m t t t r r r t r,,,,False,False
images\NUTS\NUTS0064.png,NUTS,i p d d m t t t r r r t r,,,,False,False
images\NUTS\NUTS0083.png,NUTS,i p d d m t t t r r r t r,,,,False,False
images\NUTS\NUTS0107.png,NUTS,i p d d m t t t r r r t r,,,,False,False
images\NUTS\NUTS0044.png,NUTS,i p d d m t t t r r r t r,,,,False,False
images\NUTS\NUTS0138.png,NUTS,i p d d m t t t r r r t r,,,,False,False
images\NUTS\NUTS0036.png,NUTS,i p d d m t t t r r r t r,,,,False,False
images\NUTS\NUTS0131.png,NUTS,i p d d m t t t r r r t r,,,,False,False
images\NUTS\NUTS0156.png,NUTS,i p d d m t t t r r r t r,,,,False,False
images\NUTS\NUTS0070.png,NUTS,i p d d m t t t r r r t r,,,,False,False
images\NUTS\NUTS0009.png,NUTS,i p d d m t t t r r r t r,,,,False,False
images\NUTS\NUTS0150.png,NUTS,i p d d m t t t r r r t r,,,,False,False
images\NUTS\NUTS0030.png,NUTS,i p d d m t t t r r r t r,,,,False,False
images\NUTS\NUTS0053.png,NUTS,i p d d m t t t r r r r,,,,False,False
images\NUTS\NUTS0086.png,NUTS,i p d d m t t t r r r t r,,,,False,False
images\NUTS\NUTS0077.png,NUTS,i p d d m t t t r r r t r,,,,False,False
images\NUTS\NUTS0112.png,NUTS,i p d d m t t t r r r t r,,,,False,False
images\NUTS\NUTS0160.png,NUTS,i p d d m t t t r r r t r,,,,False,False
images\NUTS\NUTS0165.png,NUTS,i p d d m t t t r r r t r,,,,False,False
images\NUTS\NUTS0048.png,NUTS,i p d d m t t t r r r r,,,,False,False
images\NUTS\NUTS0135.png,NUTS,i p d d m t t t r r r t r,,,,False,False
images\NUTS\NUTS0154.png,NUTS,i p d d m t t t r r r t r,,,,False,False
images\NUTS\NUTS0028.png,NUTS,i p d d m t t t r r r t r,,,,False,False
images\NUTS\NUTS0090.png,NUTS,i p d d m t t t r r r t r,,,,False,False
images\NUTS\NUTS0023.png,NUTS,i p d d m t t t r r r t r,,,,False,False
images\NUTS\NUTS0097.png,NUTS,i p d d m t t t r r r t r,,,,False,False
images\NUTS\NUTS0166.png,NUTS,i p d d m t t t r r r r,,,,False,False
images\NUTS\NUTS0073.png,NUTS,i p d d m t t t r r r t r,,,,False,False
images\NUTS\NUTS0117.png,NUTS,i p d d m t t t r r r t r,,,,False,False
images\NUTS\NUTS0052.png,NUTS,i p d d m t t t r r r t r,,,,False,False
images\NUTS\NUTS0162.png,NUTS,i p d d m t t t r r r t r,,,,False,False
images\NUTS\NUTS0139.png,NUTS,i p d d m t t t r r r r,,,,False,False
images\NUTS\NUTS0017.png,NUTS,i p d d m t t t r r r t r,,,,False,False
images\NUTS\NUTS0042.png,NUTS,i p d d m t t t r r r t r,,,,False,False
images\NUTS\NUTS0126.png,NUTS,i p d d m t t t r r r t r,,,,False,False
images\NUTS\NUTS0078.png,NUTS,i p d d m t t t r r r t r,,,,False,False
images\NUTS\NUTS0080.png,NUTS,i p d d m t t t r r r t r,,,,False,False
images\NUTS\NUTS0069.png,NUTS,i p d d m t t t r r r t r,,,,False,False
images\NUTS\NUTS0137.png,NUTS,i p d d m t t t r r r t r,,,,False,False
images\NUTS\NUTS0035.png,NUTS,i p d d m t t t r r r t r,,,,False,False
images\NUTS\NUTS0013.png,NUTS,i p d d m t t t r r r t r,,,,False,False
images\OIL\OIL0139.png,OIL,i p d d m t t t r r r r,,,,False,False
images\OIL\OIL0082.png,OIL,i p d d m t t t r r r t r,,,,False,False
images\OIL\OIL0099.png,OIL,i p d d m t t t r r r t r,,,,False,False
images\OIL\OIL0086.png,OIL,i p d d m t t t r r r t r,,,,False,False
images\OIL\OIL0110.png,OIL,i p d d m t t t r r r t r,,,,False,False
images\OIL\OIL0004.png,OIL,i p d d m t t t r r r t r,,,,False,False
images\OIL\OIL0135.png,OIL,i p d d m t t t r r r t r,,,,False,False
images\OIL\OIL0048.png,OIL,i p d d m t t t r r r t r,,,,False,False
images\OIL\OIL0096.png,OIL,i p d d m t t t r r r r,,,,False,False
images\OIL\OIL0055.png,OIL,i p d d m t t t r r r r,,,,False,False
images\OIL\OIL0038.png,OIL,i p d d m t t t r r r t r,,,,False,False
images\OIL\OIL0126.png,OIL,i p d d m t t t r r r t r,,,,False,False
images\OIL\OIL0031.png,OIL,i p d d m t t t r r r t r,,,,False,False
images\OIL\OIL0073.png,OIL,i p d d m t t t r r r t r,,,,False,False
images\OIL\OIL0102.png,OIL,i p d d m t t t r r r t r,,,,False,False
images\OIL\OIL0036.png,OIL,i p d d m t t t r r r t r,,,,False,False
images\OIL\OIL0136.png,OIL,i p d d m t t t r r r t r,,,,False,False
images\OIL\OIL0089.png,OIL,i p d d m t t t r r r t r,,,,False,False
images\OIL\OIL0106.png,OIL,i p d d m t t t r r r r,,,,False,False
images\OIL\OIL0041.png,OIL,i p d d m t t t r r r t r,,,,False,False
images\OIL\OIL0125.png,OIL,i p d d m t t t r r r t r,,,,False,False
images\OIL\OIL0030.png,OIL,i p d d m t t t r r r t r,,,,False,False
images\OIL\OIL0069.png,OIL,i p d d m t t t r r r t r,,,,False,False
images\OIL\OIL0035.png,OIL,i p d d m t t t r r r t r,,,,False,False
images\OIL\OIL0012.png,OIL,i p d d m t t t r r r r,,,,False,False
images\OIL\OIL0137.png,OIL,i p d d m t t t r r r t r,,,,False,False
images\OIL\OIL0097.png,OIL,i p d d m t t t r r r t r,,,,False,False
images\OIL\OIL0009.png,OIL,i p d d m t t t r r r t r,,,,False,False
images\OIL\OIL0122.png,OIL,i p d d m t t t r r r t r,,,,False,False
images\OIL\OIL0071.png,OIL,i p d d m t t t r r r t r,,,,False,False
images\OIL\OIL0042.png,OIL,i p d d m t t t r r r t r,,,,False,False
images\OIL\OIL0124.png,OIL,i p d d m t t t r r r t r,,,,False,False
images\OIL\OIL0140.png,OIL,i p d d m t t t r r r r,,,,False,False
images\OIL\OIL0078.png,OIL,i p d d m t t t r r r t r,,,,False,False
images\OIL\OIL0076.png,OIL,i p d d m t t t r r r t r,,,,False,False
images\OIL\OIL0016.png,OIL,i p d d m t t t r r r t r,,,,False,False
images\OIL\OIL0017.png,OIL,i p d d m t t t r r r t r,,,,False,False
images\OIL\OIL0024.png,OIL,i p d d m t t t r r r t r,,,,False,False
images\OIL\OIL0111.png,OIL,i p d d m t t t r r r t r,,,,False,False
images\OIL\OIL0005.png,OIL,i p d d m t t t r r r t r,,,,False,False
images\PASTA\PASTA0144.png,PASTA,i p d d m t t t r r r t r,,,,False,False
images\PASTA\PASTA0159.png,PASTA,i p d d m t t t r r r t r,,,,False,False
images\PASTA\PASTA0105.png,PASTA,i p d d m t t t r r r r,,,,False,False
images\PASTA\PASTA0070.png,PASTA,i p d d m t t t r r r t r,,,,False,False
images\PASTA\PASTA0137.png,PASTA,i p d d m t t t r r r t r,,,,False,False
images\PASTA\PASTA0168.png,PASTA,i p d d m t t t r r r r,,,,False,False
images\PASTA\PASTA0063.png,PASTA,i p d d m t t t r r r t r,,,,False,False
images\PASTA\PASTA0156.png,PASTA,i p d d m t t t r r r r,,,,False,False
images\PASTA\PASTA0041.png,PASTA,i p d d m t t t r r r t r,,,,False,False
images\PASTA\PASTA0169.png,PASTA,i p d d m t t t r r r t r,,,,False,False
images\PASTA\PASTA0150.png,PASTA,i p d d m t t t r r r r,,,,False,False
images\PASTA\PASTA0129.png,PASTA,i p d d m t t t r r r t r,,,,False,False
images\PASTA\PASTA0025.png,PASTA,i p d d m t t t r r r t r,,,,False,False
images\PASTA\PASTA0162.png,PASTA,i p d d m t t t r r r t r,,,,False,False
images\PASTA\PASTA0085.png,PASTA,i p d d m t t t r r r r,,,,False,False
images\PASTA\PASTA0094.png,PASTA,i p d d m t t t r r r t r,,,,False,False
images\PASTA\PASTA0021.png,PASTA,i p d d m t t t r r r r,,,,False,False
images\PASTA\PASTA0110.png,PASTA,i p d d m t t t r r r t r,,,,False,False
images\PASTA\PASTA0099.png,PASTA,i p d d m t t t r r r r,,,,False,False
images\PASTA\PASTA0055.png,PASTA,i p d d m t t t r r r t r,,,,False,False
images\PASTA\PASTA0051.png,PASTA,i p d d m t t t r r r t r,,,,False,False
images\PASTA\PASTA0012.png,PASTA,i p d d m t t t r r r t r,,,,False,False
images\PASTA\PASTA0163.png,PASTA,i p d d m t t t r r r t r,,,,False,False
images\PASTA\PASTA0046.png,PASTA,i p d d m t t t r r r t r,,,,False,False
images\PASTA\PASTA0117.png,PASTA,i p d d m t t t r r r t r,,,,False,False
images\PASTA\PASTA0005.png,PASTA,i p d d m t t t r r r t r,,,,False,False
images\PASTA\PASTA0101.png,PASTA,i p d d m t t t r r r t r,,,,False,False
images\PASTA\PASTA0118.png,PASTA,i p d d m t t t r r r t r,,,,False,False
images\PASTA\PASTA0042.png,PASTA,i p d d m t t t r r r t r,,,,False,False
images\PASTA\PASTA0098.png,PASTA,i p d d m t t t r r r t r,,,,False,False
images\PASTA\PASTA0095.png,PASTA,i p d d m t t t r r r t r,,,,False,False
images\PASTA\PASTA0153.png,PASTA,i p d d m t t t r r r t r,,,,False,False
images\PASTA\PASTA0004.png,PASTA,i p d d m t t t r r r r,,,,False,False
images\PASTA\PASTA0060.png,PASTA,i p d d m t t t r r r r,,,,False,False
images\PASTA\PASTA0103.png,PASTA,i p d d m t t t r r r t r,,,,False,False
images\PASTA\PASTA0030.png,PASTA,i p d d m t t t r r r t r,,,,False,False
images\PASTA\PASTA0091.png,PASTA,i p d d m t t t r r r t r,,,,False,False
images\PASTA\PASTA0049.png,PASTA,i p d d m t t t r r r r,,,,False,False
images\PASTA\PASTA0132.png,PASTA,i p d d m t t t r r r t r,,,,False,False
images\PASTA\PASTA0113.png,PASTA,i p d d m t t t r r r t r,,,,False,False
images\RICE\RICE0082.png,RICE,i p d d m t t t r r r t r,,,,False,False
images\RICE\RICE0033.png,RICE,i p d d m t t t r r r t r,,,,False,False
images\RICE\RICE0073.png,RICE,i p d d m t t t r r r t r,,,,False,False
images\RICE\RICE0005.png,RICE,i p d d m t t t r r r t r,,,,False,False
images\RICE\RICE0075.png,RICE,i p d d m t t t r r r t r,,,,False,False
images\RICE\RICE0109.png,RICE,i p d d m t t t r r r r,,,,False,False
images\RICE\RICE0083.png,RICE,i p d d m t t t r r r t r,,,,False,False
images\RICE\RICE0038.png,RICE,i p d d m t t t r r r t r,,,,False,False
images\RICE\RICE0039.png,RICE,i p d d m t t t r r r t r,,,,False,False
images\RICE\RICE0115.png,RICE,i p d d m t t t r r r t r,,,,False,False
images\RICE\RICE0030.png,RICE,i p d d m t t t r r r t r,,,,False,False
images\RICE\RICE0087.png,RICE,i p d d m t t t r r r t r,,,,False,False
images\RICE\RICE0037.png,RICE,i p d d m t t t r r r t r,,,,False,False
images\RICE\RICE0029.png,RICE,i p d d m t t t r r r t r,,,,False,False
images\RICE\RICE0093.png,RICE,i p d d m t t t r r r t r,,,,False,False
images\RICE\RICE0042.png,RICE,i p d d m t t t r r r t r,,,,False,False
images\RICE\RICE0001.png,RICE,i p d d m t t t r r r t r,,,,False,False
images\RICE\RICE0072.png,RICE,i p d d m t t t r r r r,,,,False,False
images\RICE\RICE0131.png,RICE,i p d d m t t t r r r t r,,,,False,False
images\RICE\RICE0079.png,RICE,i p d d m t t t r r r t r,,,,False,False
images\RICE\RICE0009.png,RICE,i p d d m t t t r r r r,,,,False,False
images\RICE\RICE0024.png,RICE,i p d d m t t t r r r t r,,,,False,False
images\RICE\RICE0113.png,RICE,i p d d m t t t r r r t r,,,,False,False
images\RICE\RICE0137.png,RICE,i p d d m t t t r r r t r,,,,False,False
images\RICE\RICE0132.png,RICE,i p d d m t t t r r r t r,,,,False,False
images\RICE\RICE0134.png,RICE,i p d d m t t t r r r t r,,,,False,False
images\RICE\RICE0138.png,RICE,i p d d m t t t r r r t r,,,,False,False
images\RICE\RICE0015.png,RICE,i p d d m t t t r r r t r,,,,False,False
images\RICE\RICE0096.png,RICE,i p d d m t t t r r r r,,,,False,False
images\RICE\RICE0139.png,RICE,i p d d m t t t r r r t r,,,,False,False
images\RICE\RICE0066.png,RICE,i p d d m t t t r r r t r,,,,False,False
images\RICE\RICE0060.png,RICE,i p d d m t t t r r r t r,,,,False,False
images\RICE\RICE0104.png,RICE,i p d d m t t t r r r t r,,,,False,False
images\RICE\RICE0077.png,RICE,i p d d m t t t r r r t r,,,,False,False
images\RICE\RICE0148.png,RICE,i p d d m t t t r r r t r,,,,False,False
images\RICE\RICE0071.png,RICE,i p d d m t t t r r r t r,,,,False,False
images\RICE\RICE0146.png,RICE,i p d d m t t t r r r t r,,,,False,False
images\RICE\RICE0149.png,RICE,i p d d m t t t r r r t r,,,,False,False
images\RICE\RICE0064.png,RICE,i p d d m t t t r r r t r,,,,False,False
images\RICE\RICE0074.png,RICE,i p d d m t t t r r r t r,,,,False,False
images\SODA\SODA0057.png,SODA,i p d d m t t t r r r t r,,,,False,False
images\SODA\SODA0039.png,SODA,i p d d m t t t r r r r,,,,False,False
images\SODA\SODA0133.png,SODA,i p d d m t t t r r r t r,,,,False,False
images\SODA\SODA0146.png,SODA,i p d d m t t t r r r t r,,,,False,False
images\SODA\SODA0100.png,SODA,i p d d m t t t r r r t r,,,,False,False
images\SODA\SODA0072.png,SODA,i p d d m t t t r r r r,,,,False,False
images\SODA\SODA0092.png,SODA,i p d d m t t t r r r t r,,,,False,False
images\SODA\SODA0173.png,SODA,i p d d m t t t r r r t r,,,,False,False
images\SODA\SODA0093.png,SODA,i p d d m t t t r r r t r,,,,False,False
images\SODA\SODA0001.png,SODA,i p d d m t t t r r r r,,,,False,False
images\SODA\SODA0154.png,SODA,i p d d m t t t r r r t r,,,,False,False
images\SODA\SODA0109.png,SODA,i p d d m t t t r r r r,,,,False,False
images\SODA\SODA0045.png,SODA,i p d d m t t t r r r t r,,,,False,False
images\SODA\SODA0006.png,SODA,i p d d m t t t r r r t r,,,,False,False
images\SODA\SODA0047.png,SODA,i p d d m t t t r r r r,,,,False,False
images\SODA\SODA0153.png,SODA,i p d d m t t t r r r t r,,,,False,False
images\SODA\SODA0041.png,SODA,i p d d m t t t r r r t r,,,,False,False
images\SODA\SODA0113.png,SODA,i p d d m t t t r r r r,,,,False,False
images\SODA\SODA0004.png,SODA,i p d d m t t t r r r t r,,,,False,False
images\SODA\SODA0084.png,SODA,i p d d m t t t r r r r,,,,False,False
images\SODA\SODA0094.png,SODA,i p d d m t t t r r r t r,,,,False,False
images\SODA\SODA0108.png,SODA,i p d d m t t t r r r t r,,,,False,False
images\SODA\SODA0102.png,SODA,i p d d m t t t r r r t r,,,,False,False
images\SODA\SODA0166.png,SODA,i p d d m t t t r r r t r,,,,False,False
images\SODA\SODA0059.png,SODA,i p d d m t t t r r r r,,,,False,False
images\SODA\SODA0128.png,SODA,i p d d m t t t r r r t r,,,,False,False
images\SODA\SODA0097.png,SODA,i p d d m t t t r r r t r,,,,False,False
images\SODA\SODA0055.png,SODA,i p d d m t t t r r r t r,,,,False,False
images\SODA\SODA0151.png,SODA,i p d d m t t t r r r t r,,,,False,False
images\SODA\SODA0161.png,SODA,i p d d m t t t r r r r,,,,False,False
images\SODA\SODA0046.png,SODA,i p d d m t t t r r r r,,,,False,False
images\SODA\SODA0096.png,SODA,i p d d m t t t r r r t r,,,,False,False
images\SODA\SODA0105.png,SODA,i p d d m t t t r r r t r,,,,False,False
images\SODA\SODA0165.png,SODA,i p d d m t t t r r r t r,,,,False,False
images\SODA\SODA0112.png,SODA,i p d d m t t t r r r r,,,,False,False
images\SODA\SODA0121.png,SODA,i p d d m t t t r r r r,,,,False,False
images\SODA\SODA0067.png,SODA,i p d d m t t t r r r t r,,,,False,False
images\SODA\SODA0107.png,SODA,i p d d m t t t r r r r,,,,False,False
images\SODA\SODA0116.png,SODA,i p d d m t t t r r r r,,,,False,False
images\SODA\SODA0089.png,SODA,i p d d m t t t r r r t r,,,,False,False
images\SPICES\SPICES0077.png,SPICES,i p d d m t t t r r r t r,,,,False,False
images\SPICES\SPICES0149.png,SPICES,i p d d m t t t r r r t r,,,,False,False
images\SPICES\SPICES0132.png,SPICES,i p d d m t t t r r r t r,,,,False,False
images\SPICES\SPICES0192.png,SPICES,i p d d m t t t r r r r,,,,False,False
images\SPICES\SPICES0079.png,SPICES,i p d d m t t t r r r t r,,,,False,False
images\SPICES\SPICES0098.png,SPICES,i p d d m t t t r r r t r,,,,False,False
images\SPICES\SPICES0038.png,SPICES,i p d d m t t t r r r t r,,,,False,False
images\SPICES\SPICES0095.png,SPICES,i p d d m t t t r r r t r,,,,False,False
images\SPICES\SPICES0022.png,SPICES,i p d d m t t t r r r t r,,,,False,False
images\SPICES\SPICES0041.png,SPICES,i p d d m t t t r r r t r,,,,False,False
images\SPICES\SPICES0018.png,SPICES,i p d d m t t t r r r t r,,,,False,False
images\SPICES\SPICES0135.png,SPICES,i p d d m t t t r r r t r,,,,False,False
images\SPICES\SPICES0092.png,SPICES,i p d d m t t t r r r t r,,,,False,False
images\SPICES\SPICES0047.png,SPICES,i p d d m t t t r r r t r,,,,False,False
images\SPICES\SPICES0173.png,SPICES,i p d d m t t t r r r t r,,,,False,False
images\SPICES\SPICES0094.png,SPICES,i p d d m t t t r r r t r,,,,False,False
images\SPICES\SPICES0061.png,SPICES,i p d d m t t t r r r t r,,,,False,False
images\SPICES\SPICES0195.png,SPICES,i p d d m t t t r r r t r,,,,False,False
images\SPICES\SPICES0166.png,SPICES,i p d d m t t t r r r t r,,,,False,False
images\SPICES\SPICES0039.png,SPICES,i p d d m t t t r r r t r,,,,False,False
images\SPICES\SPICES0147.png,SPICES,i p d d m t t t r r r t r,,,,False,False
images\SPICES\SPICES0206.png,SPICES,i p d d m t t t r r r r,,,,False,False
images\SPICES\SPICES0155.png,SPICES,i p d d m t t t r r r t r,,,,False,False
images\SPICES\SPICES0084.png,SPICES,i p d d m t t t r r r r,,,,False,False
images\SPICES\SPICES0000.png,SPICES,i p d d m t t t r r r r,,,,False,False
images\SPICES\SPICES0188.png,SPICES,i p d d m t t t r r r r,,,,False,False
images\SPICES\SPICES0075.png,SPICES,i p d d m t t t r r r t r,,,,False,False
images\SPICES\SPICES0036.png,SPICES,i p d d m t t t r r r t r,,,,False,False
images\SPICES\SPICES0131.png,SPICES,i p d d m t t t r r r t r,,,,False,False
images\SPICES\SPICES0143.png,SPICES,i p d d m t t t r r r t r,,,,False,False
images\SPICES\SPICES0105.png,SPICES,i p d d m t t t r r r t r,,,,False,False
images\SPICES\SPICES0203.png,SPICES,i p d d m t t t r r r t r,,,,False,False
images\SPICES\SPICES0034.png,SPICES,i p d d m t t t r r r t r,,,,False,False
images\SPICES\SPICES0186.png,SPICES,i p d d m t t t r r r t r,,,,False,False
images\SPICES\SPICES0029.png,SPICES,i p d d m t t t r r r t r,,,,False,False
images\SPICES\SPICES0063.png,SPICES,i p d d m t t t r r r t r,,,,False,False
images\SPICES\SPICES0164.png,SPICES,i p d d m t t t r r r t r,,,,False,False
images\SPICES\SPICES0100.png,SPICES,i p d d m t t t r r r t r,,,,False,False
images\SPICES\SPICES0013.png,SPICES,i p d d m t t t r r r t r,,,,False,False
images\SPICES\SPICES0187.png,SPICES,i p d d m t t t r r r t r,,,,False,False
images\SUGAR\SUGAR0061.png,SUGAR,i p d d m t t t r r r t r,,,,False,False
images\SUGAR\SUGAR0113.png,SUGAR,i p d d m t t t r r r t r,,,,False,False
images\SUGAR\SUGAR0099.png,SUGAR,i p d d m t t t r r r t r,,,,False,False
images\SUGAR\SUGAR0023.png,SUGAR,i p d d m t t t r r r t r,,,,False,False
images\SUGAR\SUGAR0063.png,SUGAR,i p d d m t t t r r r t r,,,,False,False
images\SUGAR\SUGAR0020.png,SUGAR,i p d d m t t t r r r t r,,,,False,False
images\SUGAR\SUGAR0018.png,SUGAR,i p d d m t t t r r r t r,,,,False,False
images\SUGAR\SUGAR0108.png,SUGAR,i p d d m t t t r r r t r,,,,False,False
images\SUGAR\SUGAR0014.png,SUGAR,i p d d m t t t r r r t r,,,,False,False
images\SUGAR\SUGAR0039.png,SUGAR,i p d d m t t t r r r t r,,,,False,False
images\SUGAR\SUGAR0091.png,SUGAR,i p d d m t t t r r r t r,,,,False,False
images\SUGAR\SUGAR0015.png,SUGAR,i p d d m t t t r r r t r,,,,False,False
images\SUGAR\SUGAR0045.png,SUGAR,i p d d m t t t r r r t r,,,,False,False
images\SUGAR\SUGAR0060.png,SUGAR,i p d d m t t t r r r t r,,,,False,False
images\SUGAR\SUGAR0032.png,SUGAR,i p d d m t t t r r r t r,,,,False,False
images\SUGAR\SUGAR0011.png,SUGAR,i p d d m t t t r r r t r,,,,False,False
images\SUGAR\SUGAR0056.png,SUGAR,i p d d m t t t r r r t r,,,,False,False
images\SUGAR\SUGAR0030.png,SUGAR,i p d d m t t t r r r t r,,,,False,False
images\SUGAR\SUGAR0115.png,SUGAR,i p d d m t t t r r r t r,,,,False,False
images\SUGAR\SUGAR0049.png,SUGAR,i p d d m t t t r r r t r,,,,False,False
images\SUGAR\SUGAR0104.png,SUGAR,i p d d m t t t r r r t r,,,,False,False
images\SUGAR\SUGAR0070.png,SUGAR,i p d d m t t t r r r t r,,,,False,False
images\SUGAR\SUGAR0001.png,SUGAR,i p d d m t t t r r r t r,,,,False,False
images\SUGAR\SUGAR0090.png,SUGAR,i p d d m t t t r r r t r,,,,False,False
images\SUGAR\SUGAR0069.png,SUGAR,i p d d m t t t r r r t r,,,,False,False
images\SUGAR\SUGAR0084.png,SUGAR,i p d d m t t t r r r t r,,,,False,False
images\SUGAR\SUGAR0082.png,SUGAR,i p d d m t t t r r r t r,,,,False,False
images\SUGAR\SUGAR0004.png,SUGAR,i p d d m t t t r r r t r,,,,False,False
images\SUGAR\SUGAR0075.png,SUGAR,i p d d m t t t r r r t r,,,,False,False
images\SUGAR\SUGAR0067.png,SUGAR,i p d d m t t t r r r t r,,,,False,False
images\SUGAR\SUGAR0010.png,SUGAR,i p d d m t t t r r r t r,,,,False,False
images\SUGAR\SUGAR0040.png,SUGAR,i p d d m t t t r r r t r,,,,False,False
images\SUGAR\SUGAR0068.png,SUGAR,i p d d m t t t r r r t r,,,,False,False
images\SUGAR\SUGAR0022.png,SUGAR,i p d d m t t t r r r t r,,,,False,False
images\SUGAR\SUGAR0078.png,SUGAR,i p d d m t t t r r r t r,,,,False,False
images\SUGAR\SUGAR0046.png,SUGAR,i p d d m t t t r r r t r,,,,False,False
images\SUGAR\SUGAR0037.png,SUGAR,i p d d m t t t r r r t r,,,,False,False
images\SUGAR\SUGAR0062.png,SUGAR,i p d d m t t t r r r t r,,,,False,False
images\SUGAR\SUGAR0112.png,SUGAR,i p d d m t t t r r r t r,,,,False,False
images\SUGAR\SUGAR0086.png,SUGAR,i p d d m t t t r r r t r,,,,False,False
images\TEA\TEA0090.png,TEA,i p d d m t t t r r r r,,,,False,False
images\TEA\TEA0105.png,TEA,i p d d m t t t r r r t r,,,,False,False
images\TEA\TEA0193.png,TEA,i p d d m t t t r r r t r,,,,False,False
images\TEA\TEA0151.png,TEA,i p d d m t t t r r r t r,,,,False,False
images\TEA\TEA0109.png,TEA,i p d d m t t t r r r t r,,,,False,False
images\TEA\TEA0235.png,TEA,i p d d m t t t r r r t r,,,,False,False
images\TEA\TEA0185.png,TEA,i p d d m t t t r r r t r,,,,False,False
images\TEA\TEA0054.png,TEA,i p d d m t t t r r r t r,,,,False,False
images\TEA\TEA0059.png,TEA,i p d d m t t t r r r t r,,,,False,False
images\TEA\TEA0228.png,TEA,i p d d m t t t r r r t r,,,,False,False
images\TEA\TEA0266.png,TEA,i p d d m t t t r r r t r,,,,False,False
images\TEA\TEA0010.png,TEA,i p d d m t t t r r r t r,,,,False,False
images\TEA\TEA0162.png,TEA,i p d d m t t t r r r t r,,,,False,False
images\TEA\TEA0175.png,TEA,i p d d m t t t r r r t r,,,,False,False
images\TEA\TEA0176.png,TEA,i p d d m t t t r r r t r,,,,False,False
images\TEA\TEA0206.png,TEA,i p d d m t t t r r r t r,,,,False,False
images\TEA\TEA0236.png,TEA,i p d d m t t t r r r t r,,,,False,False
images\TEA\TEA0153.png,TEA,i p d d m t t t r r r t r,,,,False,False
images\TEA\TEA0246.png,TEA,i p d d m t t t r r r t r,,,,False,False
images\TEA\TEA0183.png,TEA,i p d d m t t t r r r t r,,,,False,False
images\TEA\TEA0119.png,TEA,i p d d m t t t r r r t r,,,,False,False
images\TEA\TEA0020.png,TEA,i p d d m t t t r r r t r,,,,False,False
images\TEA\TEA0271.png,TEA,i p d d m t t t r r r t r,,,,False,False
images\TEA\TEA0192.png,TEA,i p d d m t t t r r r t r,,,,False,False
images\TEA\TEA0274.png,TEA,i p d d m t t t r r r t r,,,,False,False
images\TEA\TEA0250.png,TEA,i p d d m t t t r r r t r,,,,False,False
images\TEA\TEA0172.png,TEA,i p d d m t t t r r r t r,,,,False,False
images\TEA\TEA0239.png,TEA,i p d d m t t t r r r t r,,,,False,False
images\TEA\TEA0078.png,TEA,i p d d m t t t r r r t r,,,,False,False
images\TEA\TEA0036.png,TEA,i p d d m t t t r r r t r,,,,False,False
images\TEA\TEA0200.png,TEA,i p d d m t t t r r r t r,,,,False,False
images\TEA\TEA0041.png,TEA,i p d d m t t t r r r t r,,,,False,False
images\TEA\TEA0116.png,TEA,i p d d m t t t r r r t r,,,,False,False
images\TEA\TEA0223.png,TEA,i p d d m t t t r r r t r,,,,False,False
images\TEA\TEA0282.png,TEA,i p d d m t t t r r r t r,,,,False,False
images\TEA\TEA0251.png,TEA,i p d d m t t t r r r t r,,,,False,False
images\TEA\TEA0216.png,TEA,i p d d m t t t r r r t r,,,,False,False
images\TEA\TEA0044.png,TEA,i p d d m t t t r r r t r,,,,False,False
images\TEA\TEA0258.png,TEA,i p d d m t t t r r r t r,,,,False,False
images\TEA\TEA0107.png,TEA,i p d d m t t t r r r t r,,,,False,False
images\TOMATO_SAUCE\TOMATO_SAUCE0161.png,TOMATO_SAUCE,i p d d m t t t r r r r,,,,False,False
images\TOMATO_SAUCE\TOMATO_SAUCE0069.png,TOMATO_SAUCE,i p d d m t t t r r r t r,,,,False,False
images\TOMATO_SAUCE\TOMATO_SAUCE0147.png,TOMATO_SAUCE,i p d d m t t t r r r t r,,,,False,False
images\TOMATO_SAUCE\TOMATO_SAUCE0078.png,TOMATO_SAUCE,i p d d m t t t r r r t r,,,,False,False
images\TOMATO_SAUCE\TOMATO_SAUCE0154.png,TOMATO_SAUCE,i p d d m t t t r r r r,,,,False,False
images\TOMATO_SAUCE\TOMATO_SAUCE0079.png,TOMATO_SAUCE,i p d d m t t t r r r t r,,,,False,False
images\TOMATO_SAUCE\TOMATO_SAUCE0054.png,TOMATO_SAUCE,i p d d m t t t r r r t r,,,,False,False
images\TOMATO_SAUCE\TOMATO_SAUCE0153.png,TOMATO_SAUCE,i p d d m t t t r r r t r,,,,False,False
images\TOMATO_SAUCE\TOMATO_SAUCE0056.png,TOMATO_SAUCE,i p d d m t t t r r r t r,,,,False,False
images\TOMATO_SAUCE\TOMATO_SAUCE0142.png,TOMATO_SAUCE,i p d d m t t t r r r t r,,,,False,False
images\TOMATO_SAUCE\TOMATO_SAUCE0129.png,TOMATO_SAUCE,i p d d m t t t r r r r,,,,False,False
images\TOMATO_SAUCE\TOMATO_SAUCE0025.png,TOMATO_SAUCE,i p d d m t t t r r r t r,,,,False,False
images\TOMATO_SAUCE\TOMATO_SAUCE0100.png,TOMATO_SAUCE,i p d d m t t t r r r t r,,,,False,False
images\TOMATO_SAUCE\TOMATO_SAUCE0119.png,TOMATO_SAUCE,i p d d m t t t r r r t r,,,,False,False
images\TOMATO_SAUCE\TOMATO_SAUCE0030.png,TOMATO_SAUCE,i p d d m t t t r r r r,,,,False,False
images\TOMATO_SAUCE\TOMATO_SAUCE0098.png,TOMATO_SAUCE,i p d d m t t t r r r t r,,,,False,False
images\TOMATO_SAUCE\TOMATO_SAUCE0063.png,TOMATO_SAUCE,i p d d m t t t r r r t r,,,,False,False
images\TOMATO_SAUCE\TOMATO_SAUCE0111.png,TOMATO_SAUCE,i p d d m t t t r r r t r,,,,False,False
images\TOMATO_SAUCE\TOMATO_SAUCE0034.png,TOMATO_SAUCE,i p d d m t t t r r r t r,,,,False,False
images\TOMATO_SAUCE\TOMATO_SAUCE0011.png,TOMATO_SAUCE,i p d d m t t t r r r t r,,,,False,False
images\TOMATO_SAUCE\TOMATO_SAUCE0155.png,TOMATO_SAUCE,i p d d m t t t r r r t r,,,,False,False
images\TOMATO_SAUCE\TOMATO_SAUCE0152.png,TOMATO_SAUCE,i p d d m t t t r r r t r,,,,False,False
images\TOMATO_SAUCE\TOMATO_SAUCE0125.png,TOMATO_SAUCE,i p d d m t t t r r r t r,,,,False,False
images\TOMATO_SAUCE\TOMATO_SAUCE0117.png,TOMATO_SAUCE,i p d d m t t t r r r t r,,,,False,False
images\TOMATO_SAUCE\TOMATO_SAUCE0029.png,TOMATO_SAUCE,i p d d m t t t r r r t r,,,,False,False
images\TOMATO_SAUCE\TOMATO_SAUCE0132.png,TOMATO_SAUCE,i p d d m t t t r r r t r,,,,False,False
images\TOMATO_SAUCE\TOMATO_SAUCE0019.png,TOMATO_SAUCE,i p d d m t t t r r r t r,,,,False,False
images\TOMATO_SAUCE\TOMATO_SAUCE0086.png,TOMATO_SAUCE,i p d d m t t t r r r t r,,,,False,False
images\TOMATO_SAUCE\TOMATO_SAUCE0164.png,TOMATO_SAUCE,i p d d m t t t r r r t r,,,,False,False
images\TOMATO_SAUCE\TOMATO_SAUCE0043.png,TOMATO_SAUCE,i p d d m t t t r r r t r,,,,False,False
images\TOMATO_SAUCE\TOMATO_SAUCE0143.png,TOMATO_SAUCE,i p d d m t t t r r r t r,,,,False,False
images\TOMATO_SAUCE\TOMATO_SAUCE0162.png,TOMATO_SAUCE,i p d d m t t t r r r t r,,,,False,False
images\TOMATO_SAUCE\TOMATO_SAUCE0077.png,TOMATO_SAUCE,i p d d m t t t r r r t r,,,,False,False
images\TOMATO_SAUCE\TOMATO_SAUCE0115.png,TOMATO_SAUCE,i p d d m t t t r r r t r,,,,False,False
images\TOMATO_SAUCE\TOMATO_SAUCE0094.png,TOMATO_SAUCE,i p d d m t t t r r r t r,,,,False,False
images\TOMATO_SAUCE\TOMATO_SAUCE0004.png,TOMATO_SAUCE,i p d d m t t t r r r t r,,,,False,False
images\TOMATO_SAUCE\TOMATO_SAUCE0028.png,TOMATO_SAUCE,i p d d m t t t r r r t r,,,,False,False
images\TOMATO_SAUCE\TOMATO_SAUCE0020.png,TOMATO_SAUCE,i p d d m t t t r r r t r,,,,False,False
images\TOMATO_SAUCE\TOMATO_SAUCE0065.png,TOMATO_SAUCE,i p d d m t t t r r r t r,,,,False,False
images\TOMATO_SAUCE\TOMATO_SAUCE0127.png,TOMATO_SAUCE,i p d d m t t t r r r t r,,,,False,False
images\VINEGAR\VINEGAR0059.png,VINEGAR,i p d d m t t t r r r t r,,,,False,False
images\VINEGAR\VINEGAR0062.png,VINEGAR,i p d d m t t t r r r t r,,,,False,False
images\VINEGAR\VINEGAR0151.png,VINEGAR,i p d d m t t t r r r t r,,,,False,False
images\VINEGAR\VINEGAR0113.png,VINEGAR,i p d d m t t t r r r t r,,,,False,False
images\VINEGAR\VINEGAR0127.png,VINEGAR,i p d d m t t t r r r t r,,,,False,False
images\VINEGAR\VINEGAR0026.png,VINEGAR,i p d d m t t t r r r t r,,,,False,False
images\VINEGAR\VINEGAR0155.png,VINEGAR,i p d d m t t t r r r t r,,,,False,False
images\VINEGAR\VINEGAR0143.png,VINEGAR,i p d d m t t t r r r t r,,,,False,False
images\VINEGAR\VINEGAR0022.png,VINEGAR,i p d d m t t t r r r t r,,,,False,False
images\VINEGAR\VINEGAR0094.png,VINEGAR,i p d d m t t t r r r t r,,,,False,False
images\VINEGAR\VINEGAR0102.png,VINEGAR,i p d d m t t t r r r t r,,,,False,False
images\VINEGAR\VINEGAR0095.png,VINEGAR,i p d d m t t t r r r t r,,,,False,False
images\VINEGAR\VINEGAR0136.png,VINEGAR,i p d d m t t t r r r t r,,,,False,False
images\VINEGAR\VINEGAR0098.png,VINEGAR,i p d d m t t t r r r t r,,,,False,False
images\VINEGAR\VINEGAR0091.png,VINEGAR,i p d d m t t t r r r t r,,,,False,False
images\VINEGAR\VINEGAR0067.png,VINEGAR,i p d d m t t t r r r t r,,,,False,False
images\VINEGAR\VINEGAR0041.png,VINEGAR,i p d d m t t t r r r t r,,,,False,False
images\VINEGAR\VINEGAR0009.png,VINEGAR,i p d d m t t t r r r t r,,,,False,False
images\VINEGAR\VINEGAR0101.png,VINEGAR,i p d d m t t t r r r t r,,,,False,False
images\VINEGAR\VINEGAR0020.png,VINEGAR,i p d d m t t t r r r t r,,,,False,False
images\VINEGAR\VINEGAR0132.png,VINEGAR,i p d d m t t t r r r t r,,,,False,False
images\VINEGAR\VINEGAR0037.png,VINEGAR,i p d d m t t t r r r t r,,,,False,False
images\VINEGAR\VINEGAR0089.png,VINEGAR,i p d d m t t t r r r r,,,,False,False
images\VINEGAR\VINEGAR0138.png,VINEGAR,i p d d m t t t r r r t r,,,,False,False
images\VINEGAR\VINEGAR0156.png,VINEGAR,i p d d m t t t r r r t r,,,,False,False
images\VINEGAR\VINEGAR0030.png,VINEGAR,i p d d m t t t r r r t r,,,,False,False
images\VINEGAR\VINEGAR0019.png,VINEGAR,i p d d m t t t r r r t r,,,,False,False
images\VINEGAR\VINEGAR0036.png,VINEGAR,i p d d m t t t r r r t r,,,,False,False
images\VINEGAR\VINEGAR0003.png,VINEGAR,i p d d m t t t r r r t r,,,,False,False
images\VINEGAR\VINEGAR0035.png,VINEGAR,i p d d m t t t r r r t r,,,,False,False
images\VINEGAR\VINEGAR0065.png,VINEGAR,i p d d m t t t r r r t r,,,,False,False
images\VINEGAR\VINEGAR0072.png,VINEGAR,i p d d m t t t r r r t r,,,,False,False
images\VINEGAR\VINEGAR0011.png,VINEGAR,i p d d m t t t r r r t r,,,,False,False
images\VINEGAR\VINEGAR0005.png,VINEGAR,i p d d m t t t r r r r,,,,False,False
images\VINEGAR\VINEGAR0078.png,VINEGAR,i p d d m t t t r r r t r,,,,False,False
images\VINEGAR\VINEGAR0007.png,VINEGAR,i p d d m t t t r r r t r,,,,False,False
images\VINEGAR\VINEGAR0083.png,VINEGAR,i p d d m t t t r r r r,,,,False,False
images\VINEGAR\VINEGAR0144.png,VINEGAR,i p d d m t t t r r r t r,,,,False,False
images\VINEGAR\VINEGAR0135.png,VINEGAR,i p d d m t t t r r r t r,,,,False,False
images\VINEGAR\VINEGAR0029.png,VINEGAR,i p d d m t t t r r r t r,,,,False,False
images\WATER\WATER0251.png,WATER,i p d d m t t t r r r t r,,,,False,False
images\WATER\WATER0231.png,WATER,i p d d m t t t r r r r,,,,False,False
images\WATER\WATER0142.png,WATER,i p d d m t t t r r r r,,,,False,False
images\WATER\WATER0051.png,WATER,i p d d m t t t r r r r,,,,False,False
images\WATER\WATER0146.png,WATER,i p d d m t t t r r r t r,,,,False,False
images\WATER\WATER0044.png,WATER,i p d d m t t t r r r t r,,,,False,False
images\WATER\WATER0216.png,WATER,i p d d m t t t r r r t r,,,,False,False
images\WATER\WATER0162.png,WATER,i p d d m t t t r r r t r,,,,False,False
images\WATER\WATER0247.png,WATER,i p d d m t t t r r r r,,,,False,False
images\WATER\WATER0202.png,WATER,i p d d m t t t r r r t r,,,,False,False
images\WATER\WATER0046.png,WATER,i p d d m t t t r r r t r,,,,False,False
images\WATER\WATER0092.png,WATER,i p d d m t t t r r r t r,,,,False,False
images\WATER\WATER0025.png,WATER,i p d d m t t t r r r t r,,,,False,False
images\WATER\WATER0179.png,WATER,i p d d m t t t r r r t r,,,,False,False
images\WATER\WATER0140.png,WATER,i p d d m t t t r r r r,,,,False,False
images\WATER\WATER0033.png,WATER,i p d d m t t t r r r r,,,,False,False
images\WATER\WATER0257.png,WATER,i p d d m t t t r r r t r,,,,False,False
images\WATER\WATER0097.png,WATER,i p d d m t t t r r r t r,,,,False,False
images\WATER\WATER0005.png,WATER,i p d d m t t t r r r r,,,,False,False
images\WATER\WATER0032.png,WATER,i p d d m t t t r r r t r,,,,False,False
images\WATER\WATER0237.png,WATER,i p d d m t t t r r r r,,,,False,False
images\WATER\WATER0036.png,WATER,i p d d m t t t r r r r,,,,False,False
images\WATER\WATER0064.png,WATER,i p d d m t t t r r r r,,,,False,False
images\WATER\WATER0052.png,WATER,i p d d m t t t r r r r,,,,False,False
images\WATER\WATER0105.png,WATER,i p d d m t t t r r r t r,,,,False,False
images\WATER\WATER0244.png,WATER,i p d d m t t t r r r t r,,,,False,False
images\WATER\WATER0198.png,WATER,i p d d m t t t r r r t r,,,,False,False
images\WATER\WATER0113.png,WATER,i p d d m t t t r r r t r,,,,False,False
images\WATER\WATER0194.png,WATER,i p d d m t t t r r r t r,,,,False,False
images\WATER\WATER0203.png,WATER,i p d d m t t t r r r r,,,,False,False
images\WATER\WATER0161.png,WATER,i p d d m t t t r r r r,,,,False,False
images\WATER\WATER0230.png,WATER,i p d d m t t t r r r r,,,,False,False
images\WATER\WATER0088.png,WATER,i p d d m t t t r r r r,,,,False,False
images\WATER\WATER0016.png,WATER,i p d d m t t t r r r t r,,,,False,False
images\WATER\WATER0217.png,WATER,i p d d m t t t r r r r,,,,False,False
images\WATER\WATER0233.png,WATER,i p d d m t t t r r r t r,,,,False,False
images\WATER\WATER0116.png,WATER,i p d d m t t t r r r t r,,,,False,False
images\WATER\WATER0125.png,WATER,i p d d m t t t r r r t r,,,,False,False
images\WATER\WATER0110.png,WATER,i p d d m t t t r r r r,,,,False,False
images\WATER\WATER0066.png,WATER,i p d d m t t t r r r r,,,,False,False
